volume,aspiration_rate,dispense_rate,delay_aspirate,delay_dispense,%error,abs-err,oo
1000,34.56590094027542,47.29853372912514,4.314901860928639,2.9467136005955843,-1.6850846601323162,1.6850846601323162,57.334165404783946
1000,35.875339082920306,60.89251978277473,2.4228710117672905,1.34128634129452,-5.58246207515375,5.58246207515375,48.06083672467626
1000,51.383652344737335,53.10584030505626,3.067957188616923,2.7416019158394804,-5.58246207515375,5.58246207515375,44.10132231603618
1000,27.217950094147106,59.82910172687934,0.533679493342413,5.3504292724920495,-5.58246207515375,5.58246207515375,59.33884252849648
1000,45.122741330469346,15.469778966581202,0.182609249131455,1.527612848046103,-5.58246207515375,5.58246207515375,88.51416090507337
