volume,aspiration_rate,dispense_rate,delay_aspirate,delay_dispense,%error,abs-err,oo
1000,34.56590094027542,47.29853372912514,4.314901860928639,2.9467136005955843,-19.76476015,19.76476015,57.334165404783946
1000,43.486007949312175,31.600913888771856,4.976458123036869,3.5489449894627096,-19.76476015,19.76476015,63.16596007746437
1000,52.49565577441667,33.39704906785708,0.4530998953028106,4.262637904837812,-19.76476015,19.76476015,53.70769835602615
1000,38.1147065674952,9.779402616803814,3.251355608900562,3.752532815271382,-19.76476015,19.76476015,135.49621503247465
1000,33.814454760700336,47.55523968178383,2.180554737560765,4.123823057864273,-19.76476015,19.76476015,56.90570654347034
