volume,aspiration_rate,dispense_rate,delay_aspirate,delay_dispense,%error,abs-err,oo
1000,34.56590094027542,47.29853372912514,4.314901860928639,2.9467136005955843,-1.61710816767186,1.61710816767186,57.334165404783946
1000,21.283866808856324,17.690120321013666,3.5398890007023405,0.690892348049412,-5.162592251402213,5.162592251402213,107.74345305993593
1000,27.51446710295636,46.11418749083941,3.3528624659731565,3.1365127109101394,-5.162592251402213,5.162592251402213,64.51919176256236
1000,32.29731546934232,12.529878405046826,3.2053170820153998,0.75456245931474,-5.162592251402213,5.162592251402213,114.73143940659165
1000,58.931621629513806,7.508496630558282,5.11578214760353,1.1644863848795053,-5.162592251402213,5.162592251402213,156.43154023267562
