volume,aspiration_rate,dispense_rate,delay_aspirate,delay_dispense,%error,abs-err,oo
1000,15.300819329040612,6.99074902864526,2.621163976768905,4.509257962731809,-6.248930216561483,6.248930216561483,215.53258721795999
1000,5.015603010944878,5.499834860788532,0.9244934510810805,0.4625188847896998,-7.9522880152204936,7.9522880152204936,382.5884746003898
1000,13.44033619959842,15.766265714672036,0.8397045757823074,2.4061053399672216,-7.995283418246602,7.995283418246602,141.07527074910564
1000,20.534021055501107,17.427830262691916,0.9460956110944765,5.740426474383005,-7.9956228636777205,7.9956228636777205,112.76567898601452
1000,4.4,1.1,0.0,6.0,-8.079292165554342,8.079292165554342,1142.3636363636363
