volume,aspiration_rate,dispense_rate,delay_aspirate,delay_dispense,%error,abs-err,oo
1000,52.27082876217667,47.45089623795213,3.070580251597018,2.7856083344200084,-3.254803316078184,3.254803316078184,46.06173573919922
1000,38.064662723578834,50.28793163945468,2.1463735128541312,2.5032596881520264,-4.423420750431565,4.423420750431565,50.806205249927686
1000,49.87597576136938,35.468690278371284,2.980811664006386,1.7115784228529778,-4.02420790699145,4.02420790699145,52.93600321585907
1000,66.0,30.841160440560145,5.272687790996671,4.105979879661244,-4.309113924000724,4.309113924000724,56.95438430211704
1000,34.56590094027542,47.29853372912514,4.314901860928639,2.9467136005955843,-2.556805526348146,2.556805526348146,57.334165404783946
