volume,aspiration_rate,dispense_rate,delay_aspirate,delay_dispense,%error,abs-err,oo
1000,50.50426191852801,51.68782564056737,1.6122028107753434,2.7128110474262117,-0.48252352687338207,0.48252352687338207,43.472238616318435
1000,53.57488537225018,50.087433243810445,3.2711278513977025,2.241279376540266,-0.18025677461420475,0.18025677461420475,44.14295722157782
1000,51.1385775063126,48.96484570672376,3.1067681257638697,1.238535953122659,-0.14818355403179484,0.14818355403179484,44.32282834224037
1000,49.72827562819193,53.47812576767018,1.5773053170251956,4.964657489917329,-0.23177668579024946,0.23177668579024946,45.35048068794813
1000,52.27082876217667,47.45089623795213,3.070580251597018,2.7856083344200084,-0.46995134418121753,0.46995134418121753,46.06173573919922
