volume,aspiration_rate,dispense_rate,delay_aspirate,delay_dispense,%error,abs-err,oo
1000,61.82246536974811,65.7967152759374,5.658088063803126,4.903045906524388,0.3906142966314694,0.3906142966314694,41.934810810950715
1000,34.56590094027542,47.29853372912514,4.314901860928639,2.9467136005955843,-0.6051657552213953,0.6051657552213953,57.334165404783946
1000,28.82829913587476,20.307936255712157,4.168531063111615,3.563414398044143,-0.5157306716765961,0.5157306716765961,91.66191553181346
1000,64.73839287017259,9.41704200731941,5.802591599223081,5.998530007432991,0.14949243957560654,0.14949243957560654,133.43836365240497
1000,11.758897832575737,7.534585056467056,5.998823843742411,5.754099646928692,-0.2946743679317694,0.2946743679317694,229.51621750971827
