volume,aspiration_rate,dispense_rate,delay_aspirate,delay_dispense,%error,abs-err,oo
1000,65.7374050226931,65.78656628423268,5.868543106785338,5.240523210220968,0.25000290867276553,0.25000290867276553,41.52177754450453
1000,38.25204832260153,19.58657376415171,2.621163976768905,4.509257962731809,-0.4299092647759273,0.4299092647759273,84.32819455424341
1000,28.82829913587476,20.307936255712157,4.168531063111615,3.563414398044143,-0.28352028099025817,0.28352028099025817,91.66191553181346
1000,65.2432654263259,6.053191178396565,5.328148613550588,5.943835161655041,0.011844074973634378,0.011844074973634378,191.8013536773516
1000,13.257623528057367,7.883010687407657,5.585712646042777,5.895563084116824,0.171865451719051,0.171865451719051,213.7646615371955
