volume,aspiration_rate,dispense_rate,delay_aspirate,delay_dispense,%error,abs-err,oo
1000,65.84369090063936,33.15328956858545,5.8146232617997455,5.963304124520164,-0.23645736331875922,0.23645736331875922,57.12833072187599
1000,34.56590094027542,47.29853372912514,4.314901860928639,2.9467136005955843,-0.6958378972358461,0.6958378972358461,57.334165404783946
1000,27.640219967445,35.58718157259364,4.099577480538599,5.500192042460534,-0.1370311349690294,0.1370311349690294,73.87893722915416
1000,14.239390195589841,65.85745555738256,5.5983062780325685,5.9725004078734685,-0.16436613107782927,0.16436613107782927,96.98284285429061
1000,12.566244052397796,45.42860676053803,5.9006396924249485,5.277446195092049,0.0023490427599199837,0.0023490427599199837,112.76892040065313
