volume,aspiration_rate,dispense_rate,delay_aspirate,delay_dispense,%error,abs-err,oo
1000,52.27082876217667,47.45089623795213,3.070580251597018,2.7856083344200084,-1.0610413097966018,1.0610413097966018,46.06173573919922
1000,44.444806413972294,51.05593765565317,1.9813498324702752,4.348049534131366,-0.8539538198555944,0.8539538198555944,48.415576609481306
1000,34.56590094027542,47.29853372912514,4.314901860928639,2.9467136005955843,-0.7566764864145348,0.7566764864145348,57.334165404783946
1000,53.643811640111934,32.40729226911373,5.905983025983522,5.786906634293803,-1.694621923015149,1.694621923015149,61.19162136880878
1000,12.250399805930131,55.3513076710467,5.950602661805322,5.7973250123726725,-1.6653111001632532,1.6653111001632532,111.44433706664151
