volume,aspiration_rate,dispense_rate,delay_aspirate,delay_dispense,%error,abs-err,oo
1000,34.56590094027542,47.29853372912514,4.314901860928639,2.9467136005955843,-1.9575739416419968,1.9575739416419968,57.334165404783946
1000,38.064662723578834,50.28793163945468,2.1463735128541312,2.5032596881520264,-5.935769833082424,5.935769833082424,50.806205249927686
1000,52.27082876217667,47.45089623795213,3.070580251597018,2.7856083344200084,-5.935770295356623,5.935770295356623,46.06173573919922
1000,24.693375008156632,55.55010631348873,4.435511502651253,3.1744199230088883,-5.93577029580239,5.93577029580239,66.1083890663851
1000,33.60084049899605,40.57150496986792,0.8397045757823074,2.4061053399672216,-5.935770295802491,5.935770295802491,57.65481111723914
