volume,aspiration_rate,dispense_rate,delay_aspirate,delay_dispense,%error,abs-err,oo
1000,34.56590094027542,47.29853372912514,4.314901860928639,2.9467136005955843,-3.2907202210064304,3.2907202210064304,57.334165404783946
1000,11.290376624213804,6.0693890319866455,4.53997632037162,5.351299777066956,-7.768296433763836,7.768296433763836,263.2235103324807
1000,11.0,40.92412881493025,2.4911288434572345,0.16108438615667203,-7.768296433763836,7.768296433763836,117.9967662721143
1000,35.62832509826685,66.0,3.864140127568652,1.1822085081797324,-7.768296433763836,7.768296433763836,48.26541950990528
1000,11.117155298478982,50.367007837896615,3.4315311522633305,1.1292041362685095,-7.768296433763836,7.768296433763836,114.36607055940195
