volume,aspiration_rate,dispense_rate,delay_aspirate,delay_dispense,%error,abs-err,oo
1000,5.654475751334299,9.408557493181979,5.88325427340092,0.4858448382009387,-0.37223282992375406,0.37223282992375406,289.50637250779243
1000,17.859026528367504,2.4288164693776038,0.721117397830095,4.632438077927331,0.39965115094651793,0.39965115094651793,473.07081226873134
1000,5.20875198656585,15.657615506177159,5.988524359335711,1.603804788863893,-1.30280326949425,1.30280326949425,263.4435823229484
1000,5.0,22.998215623386105,6.0,6.0,-1.5091786218890197,1.5091786218890197,255.48163424396864
1000,5.0,1.25,6.0,0.0,1.8258894270454635,1.8258894270454635,1006.0
