volume,aspiration_rate,dispense_rate,delay_aspirate,delay_dispense,%error,abs-err,oo
1000,5.8051806986596155,11.126412756076695,5.182700511128618,5.957701934464664,-0.15731030182560968,0.15731030182560968,273.27655599392114
1000,5.275036772309625,24.761176810990502,0.7280775422765131,0.24325887173600008,-0.5961993564785568,0.5961993564785568,230.9292772592042
1000,5.0,30.0,6.0,0.0,-0.7607179633704271,0.7607179633704271,239.33333333333334
1000,16.539283802857966,1.25,0.0,0.9180566495739169,0.9934989630767905,0.9934989630767905,861.3801668545636
1000,5.042537432312964,7.688656946319535,1.3046431168283643,5.547612519956092,1.2557925721101286,1.2557925721101286,335.2268386010827
