volume,aspiration_rate,dispense_rate,delay_aspirate,delay_dispense,%error,abs-err,oo
1000,5.0,15.615275367696162,6.0,5.218048137677267,0.2891506445200638,0.2891506445200638,275.2579050375904
1000,5.0,22.614162661607896,6.0,0.0,0.6272209343931117,0.6272209343931117,250.22007637265747
1000,5.444812677679734,10.181254485474255,5.839781816121757,3.079528600523876,-0.9599586132015585,0.9599586132015585,290.80008140513416
1000,5.097949950897372,7.421493362078526,5.9545226035238015,5.407296424530873,-1.0474176236218,1.0474176236218,342.2628705463437
1000,17.859026528367504,2.4288164693776038,0.721117397830095,4.632438077927331,1.25600660996062,1.25600660996062,473.07081226873134
