volume,aspiration_rate,dispense_rate,delay_aspirate,delay_dispense,%error,abs-err,oo
1000,29.732751035064272,16.165105848457436,0.0683768824717576,4.9016685169609024,-0.3299466547549661,0.3299466547549661,100.46463362691094
1000,5.0,15.588214317194279,6.0,2.227281648945923,-0.36527498714592,0.36527498714592,272.37831137253454
1000,24.920952716643573,23.66232985927801,2.1084739530987524,0.06632384622841712,-2.4364571415308935,2.4364571415308935,84.56293993192008
1000,28.027007850615146,9.658499246484281,0.0921990167328022,3.7257330047648693,-2.7650672669686482,2.7650672669686482,143.0335559364819
1000,10.10473667231578,18.87361819983324,5.582518278262167,2.2660884224946996,-2.8539903020420905,2.8539903020420905,159.79610734677794
