volume,aspiration_rate,dispense_rate,delay_aspirate,delay_dispense,%error,abs-err,oo
1000,5.0,12.731980747497206,6.0,6.0,1.1028345458673714,1.1028345458673714,290.542374500258
1000,5.0,15.098850297694323,4.102840354221358,0.0,1.2035581034760057,1.2035581034760057,270.33304863390117
1000,17.859026528367504,2.4288164693776038,0.721117397830095,4.632438077927331,-1.8131236287053492,1.8131236287053492,473.07081226873134
1000,5.0,20.98133748421261,3.3904319437508263,0.0,-1.9119469933575948,1.9119469933575948,251.0518358343488
1000,12.131160129278305,1.3660274244203432,6.0,6.0,2.04624762385267,2.04624762385267,826.4820716086867
