volume,aspiration_rate,dispense_rate,delay_aspirate,delay_dispense,%error,abs-err,oo
1000,5.857476193760723,15.896219230278202,5.975927507756484,0.8213472723190642,-0.007743469090424782,0.007743469090424782,240.427306418496
1000,17.859026528367504,2.4288164693776038,0.721117397830095,4.632438077927331,-0.5385319178949066,0.5385319178949066,473.07081226873134
1000,5.0,22.525481790430625,6.0,5.216679773560669,-0.5394845474786756,0.5394845474786756,255.61084675758605
1000,5.013853656529883,12.371702108329066,5.881909402117456,5.68863059828915,0.8913489155371233,0.8913489155371233,291.84754649010245
1000,5.0,30.0,6.0,0.0,-0.923637862649997,0.923637862649997,239.33333333333334
