volume,aspiration_rate,dispense_rate,delay_aspirate,delay_dispense,%error,abs-err,oo
1000,22.361742270982763,1.3541973085661763,0.5601129741351246,1.361962067778415,0.035480181181881676,0.035480181181881676,785.0861387330951
1000,17.859026528367504,2.4288164693776038,0.721117397830095,4.632438077927331,1.2230605668867183,1.2230605668867183,473.07081226873134
1000,25.98443562433006,1.25,4.130276560173636,5.660751711216376,-1.6873977074684747,1.6873977074684747,848.2756047485358
1000,7.633827255107594,10.465916054660772,2.658375827954475,0.2688115483766194,-1.728383747842118,1.728383747842118,229.47133145163593
1000,30.0,1.25,5.744407602949007,1.7629263602299643,-3.713678243472011,3.713678243472011,840.8406672965123
