volume,aspiration_rate,dispense_rate,delay_aspirate,delay_dispense,%error,abs-err,oo
1000,5.0,15.67265125978055,6.0,3.246930890638571,0.43105168703561647,0.43105168703561647,273.0523447561419
1000,5.292112365747591,12.751667253817017,5.6603880470693495,4.451215535304251,0.6633812658287348,0.6633812658287348,277.4931838493629
1000,5.0,9.938749765848163,6.0,5.390976413139871,-0.7516472796841591,0.7516472796841591,312.00725346603747
1000,17.859026528367504,2.4288164693776038,0.721117397830095,4.632438077927331,1.0374006697384992,1.0374006697384992,473.07081226873134
1000,5.097949950897372,7.421493362078526,5.9545226035238015,5.407296424530873,-1.2779014736544096,1.2779014736544096,342.2628705463437
