volume,aspiration_rate,dispense_rate,delay_aspirate,delay_dispense,%error,abs-err,oo
1000,5.0,14.136210066246397,6.0,5.6108406801585575,0.3651242680963507,0.3651242680963507,282.3511590054882
1000,29.704354239601106,19.415380832722832,0.06252490023864944,1.9175773695325304,0.37526444718795515,0.37526444718795515,87.1507571734183
1000,27.271941552121405,12.295834963990641,0.0,0.49282794942139996,-1.1883043910169349,1.1883043910169349,118.48890348525549
1000,24.920952716643573,23.66232985927801,2.1084739530987524,0.06632384622841712,-2.293114129122577,2.293114129122577,84.56293993192008
1000,20.7528995144413,16.651154819561505,1.9805891442876664,5.836890708968075,2.314843917735902,2.314843917735902,116.05941230232547
