volume,aspiration_rate,dispense_rate,delay_aspirate,delay_dispense,%error,abs-err,oo
1000,42.971026735907245,66.0,6.0,0.0,-1.7621955178912856,1.7621955178912856,44.4230093642514
1000,39.1984110778608,65.45954314551338,0.23557510828496236,5.822873825525862,-1.8270004612331103,1.8270004612331103,46.8462984343542
1000,35.53565315948076,66.0,6.0,0.0,-1.8357931520267092,1.8357931520267092,49.29226707500145
1000,38.064662723578834,50.28793163945468,2.1463735128541312,2.5032596881520264,-1.832475646882749,1.832475646882749,50.806205249927686
1000,44.316655939578574,43.19209460112606,0.0,6.0,-1.8252649693882506,1.8252649693882506,51.71726440153679
