liquid,pipette,volume,aspiration_rate,dispense_rate,blow_out,delay_aspirate,delay_dispense,delay_blow_out,density,time,m,%error
Viscosity_std_1275,rLine1000,500,3.867114970935985,4.755213441593282,False,10,10,0,0.8736,299.31894993782043,0.4239765577765726,-2.9357697397956515
Viscosity_std_1275,rLine1000,500,3.867114970935985,4.755213441593282,False,10,10,0,0.8736,297.78169083595276,0.4231897160361894,-3.1159075008724
Viscosity_std_1275,rLine1000,500,3.867114970935985,4.755213441593282,False,10,10,0,0.8736,297.804363489151,0.41858523474061254,-4.170046991618012
Viscosity_std_1275,rLine1000,500,3.867114970935985,4.755213441593282,False,10,10,0,0.8736,297.8330068588257,0.4109353844868853,-5.921386335420031
Viscosity_std_1275,rLine1000,1000,3.867114970935985,4.755213441593282,False,10,10,0,0.8736,532.4852559566498,0.860090877955726,-1.5463738603793513
Viscosity_std_1275,rLine1000,1000,3.867114970935985,4.755213441593282,False,10,10,0,0.8736,532.3585109710693,0.846190007208953,-3.1375907498909172
Viscosity_std_1275,rLine1000,1000,3.867114970935985,4.755213441593282,False,10,10,0,0.8736,532.1780490875244,0.8593040362153426,-1.6364427409177509
Viscosity_std_1275,rLine1000,1000,3.867114970935985,4.755213441593282,False,10,10,0,0.8736,532.4057765007019,0.8512607650914237,-2.557146853087954
