volume,aspiration_rate,dispense_rate,delay_aspirate,delay_dispense,%error,abs-err,oo
1000,66.0,66.0,6.0,0.0,-12.428752776828812,12.428752776828812,36.303030303030305
1000,63.286137611716,65.97843113433844,5.555467693035929,0.22674355484398517,-12.147761348738054,12.147761348738054,36.73992825360547
1000,65.27023775768777,65.56718270433319,2.4528008692989944,3.923287408940661,-13.536288843433374,13.536288843433374,36.94853910927373
1000,65.24196746604741,64.90879728770459,0.40495541737523155,5.91396912701762,-14.649749952596746,14.649749952596746,37.05271408191092
1000,64.74903201957679,62.309919639197936,0.14130872062657734,5.7180214393421025,-14.62680730822543,14.62680730822543,37.35238550234253
