volume,aspiration_rate,dispense_rate,delay_aspirate,delay_dispense,%error,abs-err,oo
1000,66.0,66.0,0.0,0.0,-15.094557196771214,15.094557196771214,30.303030303030305
1000,66.0,66.0,0.0,0.0,-15.094557196771214,15.094557196771214,30.303030303030305
1000,66.0,66.0,6.0,6.0,-15.094557196771214,15.094557196771214,42.303030303030305
1000,66.0,66.0,6.0,6.0,-15.094557196771214,15.094557196771214,42.303030303030305
1000,34.56590094027542,47.29853372912514,4.314901860928639,2.9467136005955843,-15.094557196771214,15.094557196771214,57.334165404783946
