volume,aspiration_rate,dispense_rate,delay_aspirate,delay_dispense,%error,abs-err,oo
1000,66.0,66.0,6.0,0.0,-11.938187618628698,11.938187618628698,36.303030303030305
1000,66.0,66.0,0.0,6.0,-13.48255427132016,13.48255427132016,36.303030303030305
1000,66.0,66.0,6.0,6.0,-13.780543666237934,13.780543666237934,42.303030303030305
1000,35.2141447935242,10.565452316096852,4.273981088332576,2.5671809450269176,-13.912592251174228,13.912592251174228,129.88694279473322
1000,12.539007527362195,16.021344232320402,0.9244934510810805,0.4625188847896998,-13.912592251162438,13.912592251162438,143.55487595883602
