volume,aspiration_rate,dispense_rate,delay_aspirate,delay_dispense,%error,abs-err,oo
1000,11.531319654349904,7.292409706934173,4.168531063111615,3.563414398044143,-3.887612634295535,3.887612634295535,231.5811721810005
1000,5.402619186811696,1.1100832195924062,3.9800098370968198,2.6731339884524727,-7.926314102403917,7.926314102403917,1092.581914411067
1000,4.4,1.1,3.774933627379829,4.174543561436604,-8.135534182688966,8.135534182688966,1144.3131135524527
1000,7.539013736714384,1.118362830468043,2.6719999193128574,3.899532174251571,-8.151326015044651,8.151326015044651,1033.3790720675202
1000,14.08565791740968,3.218280059458684,4.273981088332576,2.5671809450269176,-8.286702198803468,8.286702198803468,388.5603387365557
