volume,aspiration_rate,dispense_rate,delay_aspirate,delay_dispense,%error,abs-err,oo
1000,11.056087986978,13.681912293993705,4.099577480538599,5.500192042460534,-6.911462263336502,6.911462263336502,173.1368731352929
1000,11.531319654349904,7.292409706934173,4.168531063111615,3.563414398044143,-7.326701983726478,7.326701983726478,231.5811721810005
1000,12.623631389601464,7.03317574211184,5.927971719100005,4.59597570115797,-8.470495365554298,8.470495365554298,231.92373625372474
1000,5.181333884859541,9.77003062549818,2.962616187326176,2.8888292513528206,-6.468600103723211,6.468600103723211,301.20576406262006
1000,14.08565791740968,3.218280059458684,4.273981088332576,2.5671809450269176,-8.516805950583702,8.516805950583702,388.5603387365557
