volume,aspiration_rate,dispense_rate,delay_aspirate,delay_dispense,%error,abs-err,oo
1000,18.41798517749487,9.540167015969889,5.954653110498413,4.161371698062456,-8.083382172915549,8.083382172915549,169.23074805990697
1000,11.056087986978,13.681912293993705,4.099577480538599,5.500192042460534,-6.413746684101836,6.413746684101836,173.1368731352929
1000,11.531319654349904,7.292409706934173,4.168531063111615,3.563414398044143,-6.560332605645276,6.560332605645276,231.5811721810005
1000,12.623631389601464,7.03317574211184,5.927971719100005,4.59597570115797,-7.690067655528864,7.690067655528864,231.92373625372474
1000,14.08565791740968,3.218280059458684,4.273981088332576,2.5671809450269176,-8.008433526304348,8.008433526304348,388.5603387365557
