volume,aspiration_rate,dispense_rate,delay_aspirate,delay_dispense,%error,abs-err,oo
1000,11.056087986978,13.681912293993705,4.099577480538599,5.500192042460534,-6.437076337768466,6.437076337768466,173.1368731352929
1000,11.531319654349904,7.292409706934173,4.168531063111615,3.563414398044143,-6.772845312434418,6.772845312434418,231.5811721810005
1000,12.623631389601464,7.03317574211184,5.927971719100005,4.59597570115797,-7.205381889913607,7.205381889913607,231.92373625372474
1000,5.015603010944878,5.499834860788532,0.9244934510810805,0.4625188847896998,-8.128749161938817,8.128749161938817,382.5884746003898
1000,4.4,1.1,6.0,6.0,-8.070512834744727,8.070512834744727,1148.3636363636363
