volume,aspiration_rate,dispense_rate,delay_aspirate,delay_dispense,%error,abs-err,oo
1000,65.92011537756633,6.033051151081807,5.762381625577523,4.982906641919215,-0.45209095295050905,0.45209095295050905,191.66877336799297
1000,64.8221249320957,62.57616478078247,5.626224534706941,5.927658448258951,0.6500412252914434,0.6500412252914434,42.961240049884594
1000,31.55907847400366,19.688028948528313,5.927971719100005,4.59597570115797,-0.88277238436043,0.88277238436043,93.00283686225447
1000,27.640219967445,35.58718157259364,4.099577480538599,5.500192042460534,-1.4164468342131955,1.4164468342131955,73.87893722915416
1000,38.25204832260153,19.58657376415171,2.621163976768905,4.509257962731809,-1.6848178233062086,1.6848178233062086,84.32819455424341
