volume,aspiration_rate,dispense_rate,delay_aspirate,delay_dispense,%error,abs-err,oo
1000,49.73370288270726,64.39313250849887,5.745482205665107,0.28625013683485434,-1.0222975764016897,1.0222975764016897,41.66842789806943
1000,44.07508684783839,66.0,0.0,6.0,-1.6700826643600744,1.6700826643600744,43.84006942373535
1000,38.447299879916606,66.0,6.0,0.0,-1.7704014453865635,1.7704014453865635,47.16114399732031
1000,38.064662723578834,50.28793163945468,2.1463735128541312,2.5032596881520264,-1.7720385451539755,1.7720385451539755,50.806205249927686
1000,34.56590094027542,47.29853372912514,4.314901860928639,2.9467136005955843,-1.778969854718233,1.778969854718233,57.334165404783946
