volume,aspiration_rate,dispense_rate,delay_aspirate,delay_dispense,%error,abs-err,oo
1000,44.83500034151219,6.938960057311353,5.28374998595633,5.81952117044257,-2.1614734767042574,2.1614734767042574,177.52108869165284
1000,47.85273937318539,5.5,4.913707498794805,0.0,-2.2136615428209026,2.2136615428209026,207.62933454370392
1000,11.0,5.5,1.5214752014642277,6.0,-2.2162479046794625,2.2162479046794625,280.248747928737
1000,12.539007527362195,16.021344232320402,0.9244934510810805,0.4625188847896998,-2.2162492319657554,2.2162492319657554,143.55487595883602
1000,11.0,66.0,0.0,6.0,-2.2162501371305887,2.2162501371305887,112.06060606060606
