volume,aspiration_rate,dispense_rate,delay_aspirate,delay_dispense,%error,abs-err,oo
1000,52.27082876217667,47.45089623795213,3.070580251597018,2.7856083344200084,-2.1228977053548053,2.1228977053548053,46.06173573919922
1000,47.5810426004244,5.5,6.0,6.0,-2.1605587878453014,2.1605587878453014,214.8349554184955
1000,48.305884112061996,10.747355722030132,6.0,0.0,-2.189364768641427,2.189364768641427,119.74755505652614
1000,38.25204832260153,19.58657376415171,2.621163976768905,4.509257962731809,-2.206524007990508,2.206524007990508,84.32819455424341
1000,11.0,5.5,6.0,6.0,-2.206761806411012,2.206761806411012,284.72727272727275
