volume,aspiration_rate,dispense_rate,delay_aspirate,delay_dispense,%error,abs-err,oo
1000,50.434807597181454,60.72431101298862,5.695700259324069,4.844788508712041,-1.4481365416326661,1.4481365416326661,46.83593416962566
1000,64.35081146586683,38.00621908615304,0.38042445227794397,5.986126809109757,-1.4470302301692963,1.4470302301692963,48.21785417335356
1000,34.56590094027542,47.29853372912514,4.314901860928639,2.9467136005955843,-1.136346691375115,1.136346691375115,57.334165404783946
1000,27.640219967445,35.58718157259364,4.099577480538599,5.500192042460534,-0.7249612447003027,0.7249612447003027,73.87893722915416
1000,11.0,56.86895346614117,5.414778483137222,6.0,-2.0384780751422062,2.0384780751422062,119.90815640738101
