volume,aspiration_rate,dispense_rate,delay_aspirate,delay_dispense,%error,abs-err,oo
1000,52.27082876217667,47.45089623795213,3.070580251597018,2.7856083344200084,-2.5447501677748336,2.5447501677748336,46.06173573919922
1000,65.57784949882065,38.579532000080164,5.3475214061084655,5.24982198371236,-1.4650611499460213,1.4650611499460213,51.76687514571866
1000,66.0,30.57820916494874,1.7018666914145584,5.463251408826678,-2.7579513294450053,2.7579513294450053,55.01966025394861
1000,34.56590094027542,47.29853372912514,4.314901860928639,2.9467136005955843,-1.4816776473229356,1.4816776473229356,57.334165404783946
1000,27.640219967445,35.58718157259364,4.099577480538599,5.500192042460534,-2.40082329712249,2.40082329712249,73.87893722915416
