volume,aspiration_rate,dispense_rate,delay_aspirate,delay_dispense,%error,abs-err,oo
1000,65.38584365926687,40.6252526329067,5.220635146516815,2.5809006583083365,-10.0784132853321,10.0784132853321,47.71059769323803
1000,35.612089914173666,65.74365819637356,4.673664169037194,4.178810262343144,-10.0784132853321,10.0784132853321,52.143418449814305
1000,34.56590094027542,47.29853372912514,4.314901860928639,2.9467136005955843,-5.235239852992875,5.235239852992875,57.334165404783946
1000,11.039412755608517,51.581454120562036,2.1223577459607688,4.70369919541676,-10.0784132853321,10.0784132853321,116.79739839438997
1000,52.128412601379566,5.5,3.141008440636626,0.5777545096746075,-10.0784132853321,10.0784132853321,204.72034111794443
