volume,aspiration_rate,dispense_rate,delay_aspirate,delay_dispense,%error,abs-err,oo
1000,52.27082876217667,47.45089623795213,3.070580251597018,2.7856083344200084,-2.71733280734408,2.71733280734408,46.06173573919922
1000,65.74584631841043,40.156613111047186,2.592194897041397,5.2132577753687235,-3.2936752999331302,3.2936752999331302,47.918037583337984
1000,66.0,31.63933597770255,5.604028323697988,0.671906653677945,-3.5980921735438627,3.5980921735438627,53.03367602139206
1000,34.56590094027542,47.29853372912514,4.314901860928639,2.9467136005955843,-1.9479833969513711,1.9479833969513711,57.334165404783946
1000,11.019032304620932,44.58147566104877,4.92320260592662,2.44039932705759,-3.772655450607162,3.772655450607162,120.54651392325259
