volume,aspiration_rate,dispense_rate,delay_aspirate,delay_dispense,%error,abs-err,oo
1000,65.49766214034517,65.23559354581079,3.638163311866154,5.789891835576832,-1.0608758125397675,1.0608758125397675,40.0248306414991
1000,34.56590094027542,47.29853372912514,4.314901860928639,2.9467136005955843,-0.868186249731854,0.868186249731854,57.334165404783946
1000,27.640219967445,35.58718157259364,4.099577480538599,5.500192042460534,-0.05409048508338854,0.05409048508338854,73.87893722915416
1000,38.25204832260153,19.58657376415171,2.621163976768905,4.509257962731809,-1.4179176938005786,1.4179176938005786,84.32819455424341
1000,31.55907847400366,19.688028948528313,5.927971719100005,4.59597570115797,-1.0229747740713993,1.0229747740713993,93.00283686225447
