liquid,target_volume,1,2,3,4,5,6,7,8,9,10,mean_volume,mean_error,relative_error,std_dev,relative_std_dev
Viscosity_std_1275,1000,1020.14122,1017.941891,1015.163792,1004.514411,1001.157541,1001.273296,1003.241116,1007.871281,1011.45966,1001.736312,1008.450052,8.450052089,0.845005209,7.254336459,0.719355058
Viscosity_std_1275,500,507.8134043,493.5756453,500.1736312,494.0386619,494.6174326,496.5852529,494.154416,492.8811205,496.8167612,494.0386619,496.4694988,-3.530501215,-0.706100243,4.526432496,0.911724186
Viscosity_std_1275,300,302.0025466,288.8065748,291.46892,295.1730524,296.9093645,297.7196435,299.2244473,298.992939,299.6874638,300.3819887,297.0366941,-2.963305938,-0.987768646,4.138990606,1.393427374
