volume,aspiration_rate,dispense_rate,delay_aspirate,delay_dispense,%error,abs-err,oo
1000,26.4,26.39898229634508,4.523803981781575,2.7415189973872764,-15.439277064681116,15.439277064681116,83.0243589968575
1000,20.908331504870667,18.643102063143616,3.070580251597018,2.7856083344200084,-15.347253928397528,15.347253928397528,107.32315467695494
1000,15.225865089431533,19.82949868559014,2.1463735128541312,2.5032596881520264,-15.430715093676408,15.430715093676408,120.75726473222981
1000,13.826360376110168,18.579386832179605,4.314901860928639,2.9467136005955843,-11.15184519269118,11.15184519269118,133.41031868464742
1000,6.8657628959427335,26.4,0.0,2.735240663904821,-15.435539360518362,15.435539360518362,186.26426656517697
