volume,aspiration_rate,dispense_rate,delay_aspirate,delay_dispense,%error,abs-err,oo
1000,34.56590094027542,47.29853372912514,4.314901860928639,2.9467136005955843,-1.3305072542859495,1.3305072542859495,57.334165404783946
1000,25.85888730766689,61.01963002160609,0.8429679111081292,1.906649269794031,-4.780904059520294,4.780904059520294,57.80921021554025
1000,21.620588774927512,12.66937606288074,4.2505954099690175,1.8551693249546233,-4.780904059520294,4.780904059520294,131.28845937795467
1000,42.47417940855641,41.58543945949158,0.0,4.439493334142222,-4.780904059520294,4.780904059520294,52.03008718446717
1000,29.945841631052982,7.348147519732738,4.470200628964736,5.339951709009515,-4.780904059520294,4.780904059520294,179.29249178343883
