volume,aspiration_rate,dispense_rate,delay_aspirate,delay_dispense,%error,abs-err,oo
1000,34.56590094027542,47.29853372912514,4.314901860928639,2.9467136005955843,-2.652014797490204,2.652014797490204,57.334165404783946
1000,63.70061894861337,64.63636195329094,3.273484445505714,3.462715216738876,-7.303198032779826,7.303198032779826,37.90580202645632
1000,51.68683764273264,5.5,1.0209089088903998,0.2892869022842186,-7.303198032779826,7.303198032779826,202.4756630429496
1000,45.44049415652145,66.0,0.0,5.754257169908891,-7.303198032779826,7.303198032779826,42.91257525264797
1000,66.0,5.5,6.0,5.10716276938571,-7.303198032779826,7.303198032779826,208.0768597390827
