volume,aspiration_rate,dispense_rate,delay_aspirate,delay_dispense,%error,abs-err,oo
1000,34.56590094027542,47.29853372912514,4.314901860928639,2.9467136005955843,-5.736854178472489,5.736854178472489,57.334165404783946
1000,35.2508437704308,11.09021087960424,5.694571871511254,0.3280139005551757,-10.412822879428044,10.412822879428044,124.56031197470364
1000,63.70868482071594,56.990949101144835,5.899983144841401,2.7429405389923374,-10.412822879428044,10.412822879428044,41.88601660722903
1000,12.11063529435097,43.70687262303594,0.028406512284362233,4.806766760881263,-10.412822879428044,10.412822879428044,110.2869216165326
1000,54.012738556305706,29.749900155354382,5.552250644155263,6.0,-10.412822879428044,10.412822879428044,63.679959878794605
