volume,aspiration_rate,dispense_rate,delay_aspirate,delay_dispense,%error,abs-err,oo
1000,34.56590094027542,47.29853372912514,4.314901860928639,2.9467136005955843,-1.193576954469247,1.193576954469247,57.334165404783946
1000,35.84220847567593,30.784647190838527,5.356608397098582,2.7427659988820743,-4.158979090190651,4.158979090190651,68.48316545580943
1000,19.968283103575324,19.529937570044503,4.4666365142631115,2.9256593675079965,-4.158979090190651,4.158979090190651,108.67515475533615
1000,65.23656612949335,5.5,4.11049338399043,4.712319437028224,-4.158979090190651,4.158979090190651,205.96982108317695
1000,35.88814781885556,40.65968146598553,1.0007509170252629,0.29936813349131697,-4.158979090190651,4.158979090190651,53.758859955998034
