liquid,Viscosity 900 s-1,Viscosity 100 s-1,Viscosity 10 s-1,pipette,volume,aspiration_rate,dispense_rate,blow_out_rate,delay_aspirate,delay_dispense,delay_blow_out,touch_tip_aspirate,touch_tip_dispense,time,%error,m_measured,m_expected,blow_out_state
Viscosity_std_1275,1275.0,1275.0,1275.0,p1000,1000.0,22.0,11.0,0.0,3.0,3.0,0.0,1.0,0.0,149.3391342,-16.01419414,0.7337,0.8736,0.0
Viscosity_std_1275,1275.0,1275.0,1275.0,p1000,1000.0,13.826360376110168,18.579386832179605,0.0,4.314901860928639,2.9467136005955843,0.0,1.0,0.0,141.0003,-10.416666666666675,0.7826,0.8736,1.0
