liquid,Viscosity 900 s-1,Viscosity 100 s-1,Viscosity 10 s-1,pipette,volume,aspiration_rate,dispense_rate,blow_out_rate,delay_aspirate,delay_dispense,delay_blow_out,touch_tip_aspirate,touch_tip_dispense,time,%error,m_measured,m_expected,blow_out_state
Viscosity_std_1275,1275.0,1275.0,1275.0,p1000,1000.0,22.0,11.0,0.0,3.0,3.0,0.0,1.0,0.0,149.3391342,-16.01419414,0.7337,0.8736,0.0
Viscosity_std_1275,1275.0,1275.0,1275.0,p1000,1000.0,11.0,5.5,0.0,3.0,3.0,0.0,1.0,0.0,288.1127,-3.571428571428572,0.8424,0.8736,0.0
Viscosity_std_1275,1275.0,1275.0,1275.0,p1000,1000.0,4.903584471109779,4.292747480427797,0.0,4.019015568693815,2.960788264684566,0.0,1.0,0.0,479.366,1.7857142857142798,0.8892,0.8736,1.0
Viscosity_std_1275,1275.0,1275.0,1275.0,p1000,1000.0,4.903584471109779,4.292747480427797,0.0,4.019015568693815,2.960788264684566,0.0,1.0,0.0,479.4356,1.2019230769230715,0.8841,0.8736,1.0
Viscosity_std_1275,1275.0,1275.0,1275.0,p1000,1000.0,4.903584471109779,4.292747480427797,0.0,4.019015568693815,2.960788264684566,0.0,1.0,0.0,479.4228,1.167582417582416,0.8838,0.8736,1.0
Viscosity_std_1275,1275.0,1275.0,1275.0,p1000,1000.0,4.903584471109779,4.292747480427797,0.0,4.019015568693815,2.960788264684566,0.0,1.0,0.0,479.4609,1.1904761904761865,0.884,0.8736,1.0
Viscosity_std_1275,1275.0,1275.0,1275.0,p1000,1000.0,4.903584471109779,4.292747480427797,0.0,4.019015568693815,2.960788264684566,0.0,1.0,0.0,479.495,1.0645604395604367,0.8829,0.8736,1.0
