volume,aspiration_rate,dispense_rate,delay_aspirate,delay_dispense,%error,abs-err,oo
1000,52.48620073973568,64.80335407082552,5.700157509143487,5.304863242092915,0.7557981089008083,0.7557981089008083,45.488947685377084
1000,52.85504962619907,30.94662645193674,0.3796797913616915,5.921098353750229,-1.1620092708828693,1.1620092708828693,57.53414621166415
1000,53.834390688425515,5.617498733933017,5.8425145362579345,2.1067421671053403,-1.5178766538669592,1.5178766538669592,204.53991465744068
1000,46.84959035803933,5.5,2.8755710779374812,5.935866141602333,-1.7628388457810227,1.7628388457810227,211.97452285347936
1000,11.0,5.5,6.0,0.0,-2.4085120146368197,2.4085120146368197,278.72727272727275
