volume,aspiration_rate,dispense_rate,delay_aspirate,delay_dispense,%error,abs-err,oo
1000,15.300819329040612,6.99074902864526,2.621163976768905,4.509257962731809,-8.182933993456091,8.182933993456091,215.53258721795999
1000,11.531319654349904,7.292409706934173,4.168531063111615,3.563414398044143,-4.889882221814848,4.889882221814848,231.5811721810005
1000,14.08565791740968,3.218280059458684,4.273981088332576,2.5671809450269176,-7.831046801190278,7.831046801190278,388.5603387365557
1000,7.539013736714384,1.118362830468043,2.6719999193128574,3.899532174251571,-8.155133452532251,8.155133452532251,1033.3790720675202
1000,5.402619186811696,1.1100832195924062,3.9800098370968198,2.6731339884524727,-8.163880473876679,8.163880473876679,1092.581914411067
