volume,aspiration_rate,dispense_rate,delay_aspirate,delay_dispense,%error,abs-err,oo
1000,11.010043094496197,5.577263505841054,1.1195206576675947,2.2060877482571803,-2.0267442258356807,2.0267442258356807,273.45117420246834
1000,11.072281776116808,5.659981505721342,4.832252847779609,4.834040105643017,-2.026744225835592,2.026744225835592,276.6609360828015
1000,11.0,5.5,6.0,0.0,-2.0267442258356554,2.0267442258356554,278.72727272727275
1000,11.276092025936935,5.549558537747709,5.9052125621213225,5.852144830968678,-2.026744225835739,2.026744225835739,280.63507744854456
1000,11.0,5.5,6.0,6.0,-2.0267442258353556,2.0267442258353556,284.72727272727275
