volume,aspiration_rate,dispense_rate,delay_aspirate,delay_dispense,%error,abs-err,oo
1000,34.56590094027542,47.29853372912514,4.314901860928639,2.9467136005955843,-0.3540220083557595,0.3540220083557595,57.334165404783946
1000,12.666261419466423,46.032027874996494,0.15529154577085819,5.259081246775722,-0.2821533748867746,0.2821533748867746,106.08827199261981
1000,11.795524212373211,24.29518651305305,5.732059164911542,0.13797100350142857,0.028049450024958178,0.028049450024958178,131.80836615920285
1000,12.539007527362195,16.021344232320402,0.9244934510810805,0.4625188847896998,-1.156787375691251,1.156787375691251,143.55487595883602
1000,66.0,5.5,0.0,6.0,-0.3915355139739016,0.3915355139739016,202.96969696969697
