volume,aspiration_rate,dispense_rate,delay_aspirate,delay_dispense,%error,abs-err,oo
1000,34.56590094027542,47.29853372912514,4.314901860928639,2.9467136005955843,-0.4333872618569885,0.4333872618569885,57.334165404783946
1000,13.188253106270087,46.9012553279217,0.12605942732072187,4.902191166746668,-1.051510028375052,1.051510028375052,102.17469522563783
1000,12.293403147323005,31.511972843249442,5.766556936490773,0.05950397994574376,-0.8834787543168797,0.8834787543168797,118.90447131956005
1000,66.0,5.5,0.0,6.0,0.7722726969984337,0.7722726969984337,202.96969696969697
1000,66.0,5.5,6.0,0.0,-1.4511087689993916,1.4511087689993916,202.96969696969697
