volume,aspiration_rate,dispense_rate,delay_aspirate,delay_dispense,%error,abs-err,oo
1000,38.25204832260153,19.58657376415171,2.621163976768905,4.509257962731809,0.2660181463998319,0.2660181463998319,84.32819455424341
1000,31.55907847400366,19.688028948528313,5.927971719100005,4.59597570115797,0.00783870442867518,0.00783870442867518,93.00283686225447
1000,35.2141447935242,10.565452316096852,4.273981088332576,2.5671809450269176,-0.6475727088059864,0.6475727088059864,129.88694279473322
1000,45.252575183928705,7.329592095362855,0.050232966450623154,5.710371449905534,-0.16633515046364145,0.16633515046364145,164.29203466711766
1000,30.211275980715705,6.1036934153483715,0.25060958796668037,5.535428063652421,-0.4856091774007949,0.4856091774007949,202.7214891915939
