volume,aspiration_rate,dispense_rate,delay_aspirate,delay_dispense,%error,abs-err,oo
1000,15.300819329040612,6.99074902864526,2.621163976768905,4.509257962731809,-8.191867268374569,8.191867268374569,215.53258721795999
1000,11.531319654349904,7.292409706934173,4.168531063111615,3.563414398044143,-5.004272552747141,5.004272552747141,231.5811721810005
1000,12.623631389601464,7.03317574211184,5.927971719100005,4.59597570115797,-8.485644402025306,8.485644402025306,231.92373625372474
1000,14.08565791740968,3.218280059458684,4.273981088332576,2.5671809450269176,-8.165282451810784,8.165282451810784,388.5603387365557
1000,5.402619186811696,1.1100832195924062,3.9800098370968198,2.6731339884524727,-8.3191971814469,8.3191971814469,1092.581914411067
