volume,aspiration_rate,dispense_rate,delay_aspirate,delay_dispense,%error,abs-err,oo
1000,11.531319654349904,7.292409706934173,4.168531063111615,3.563414398044143,-5.383942135555532,5.383942135555532,231.5811721810005
1000,15.42070667913792,5.11853956581697,5.781764331697725,3.5989112181460365,-8.80953695146115,8.80953695146115,269.5967737532
1000,4.4,9.307402827170636,4.7266737573278705,3.7373868610208327,-8.139716529996422,8.139716529996422,343.1781459765721
1000,14.08565791740968,3.218280059458684,4.273981088332576,2.5671809450269176,-8.874312564105196,8.874312564105196,388.5603387365557
1000,7.094834808927801,1.1,2.8462845489957953,3.0873025426363245,-8.509542958467854,8.509542958467854,1055.9721048205388
