volume,aspiration_rate,dispense_rate,delay_aspirate,delay_dispense,%error,abs-err,oo
1000,13.826360376110168,18.579386832179605,4.314901860928639,2.9467136005955843,-6.891414714094854,6.891414714094854,133.41031868464742
1000,7.572350222741106,5.285897932693082,5.9935389454684245,0.0,-7.8818172569068,7.8818172569068,327.2355516032139
1000,10.798667049604052,4.4229438364789555,0.4523705278861401,0.9500061162211655,-7.8818172569068,7.8818172569068,320.10015803792135
1000,25.04517441472374,23.95305754621121,2.6148855015072257,5.764992394401926,-7.8818172569068,7.8818172569068,90.05605290151458
1000,16.51849259815568,20.950570011397232,0.21955200362366067,1.2995567234330447,-7.8818172569068,7.8818172569068,109.78871852656796
