volume,aspiration_rate,dispense_rate,delay_aspirate,delay_dispense,%error,abs-err,oo
1000,13.826360376110168,18.579386832179605,4.314901860928639,2.9467136005955843,-6.940419302161135,6.940419302161135,133.41031868464742
1000,24.411825680301526,20.100990515938488,2.7263523445583155,4.340636773321773,-8.040006868232602,8.040006868232602,97.77953441293188
1000,7.011447872811132,22.221613211951425,0.882354351153601,2.742378327487396,-8.040006868232602,8.040006868232602,191.24986021519766
1000,8.318336488601693,25.683572974672625,0.6730212310304684,1.4463418159096855,-8.040006868232602,8.040006868232602,161.27109965955293
1000,11.619375066494783,1.1,0.0,3.793431619672946,-8.040006868232602,8.040006868232602,998.947489053522
