volume,aspiration_rate,dispense_rate,delay_aspirate,delay_dispense,%error,abs-err,oo
1000,13.826360376110168,18.579386832179605,4.314901860928639,2.9467136005955843,-10.201552392359147,10.201552392359147,133.41031868464742
1000,26.072361255219995,18.31033690308257,2.676912177321564,4.767981831488931,-11.740689865958489,11.740689865958489,100.41364588755762
1000,17.825559196697284,12.458315736640676,3.8842743930631256,3.6899773683526,-11.740689865958489,11.740689865958489,143.94114551475587
1000,11.66892691914208,6.675520832484569,5.622244184950889,2.2111430321541117,-11.740689865958489,11.740689865958489,243.33211571688986
1000,23.30344588668953,19.213118021362835,2.945801281733527,0.49502222389232975,-11.740689865958489,11.740689865958489,98.40070479703796
