volume,aspiration_rate,dispense_rate,delay_aspirate,delay_dispense,%error,abs-err,oo
1000,11.531319654349904,7.292409706934173,4.168531063111615,3.563414398044143,-3.9820016216532377,3.9820016216532377,231.5811721810005
1000,12.623631389601464,7.03317574211184,5.927971719100005,4.59597570115797,-7.090938796005289,7.090938796005289,231.92373625372474
1000,9.1482490143377,7.71602466816322,4.8844226317016926,4.867826951696918,-7.106033850134086,7.106033850134086,248.66320034247119
1000,14.08565791740968,3.218280059458684,4.273981088332576,2.5671809450269176,-7.111414703161244,7.111414703161244,388.5603387365557
1000,15.300819329040612,6.99074902864526,2.621163976768905,4.509257962731809,-7.1989201830276315,7.1989201830276315,215.53258721795999
