volume,aspiration_rate,dispense_rate,delay_aspirate,delay_dispense,%error,abs-err,oo
1000,11.531319654349904,7.292409706934173,4.168531063111615,3.563414398044143,-3.6346001226316265,3.6346001226316265,231.5811721810005
1000,5.402619186811696,1.1100832195924062,3.9800098370968198,2.6731339884524727,-6.1292677048405055,6.1292677048405055,1092.581914411067
1000,4.4,12.322408654904988,4.123520535140827,2.9806622642422402,-6.474245925310835,6.474245925310835,315.52987521110896
1000,12.623631389601464,7.03317574211184,5.927971719100005,4.59597570115797,-6.6390182673101545,6.6390182673101545,231.92373625372474
1000,14.08565791740968,3.218280059458684,4.273981088332576,2.5671809450269176,-6.812004360255104,6.812004360255104,388.5603387365557
