volume,aspiration_rate,dispense_rate,delay_aspirate,delay_dispense,%error,abs-err,oo
1000,11.531319654349904,7.292409706934173,4.168531063111615,3.563414398044143,-4.033148611555712,4.033148611555712,231.5811721810005
1000,6.456157841659438,1.1031292128381154,4.81767577629919,3.4154836757677876,-7.388771552109908,7.388771552109908,1069.6361629378316
1000,5.402619186811696,1.1100832195924062,3.9800098370968198,2.6731339884524727,-7.607322644805852,7.607322644805852,1092.581914411067
1000,14.08565791740968,3.218280059458684,4.273981088332576,2.5671809450269176,-7.993080263029578,7.993080263029578,388.5603387365557
1000,12.318649298538809,1.1006438233229527,1.5321177251852736,2.559774080095041,-8.11909171276336,8.11909171276336,993.8287578274202
