volume,aspiration_rate,dispense_rate,delay_aspirate,delay_dispense,%error,abs-err,oo
1000,11.531319654349904,7.292409706934173,4.168531063111615,3.563414398044143,-5.009183100819635,5.009183100819635,231.5811721810005
1000,26.38518922490013,3.2507604174132796,3.479504657917157,4.005056432152987,-8.782161960446079,8.782161960446079,353.00494378716775
1000,7.539013736714384,1.118362830468043,2.6719999193128574,3.899532174251571,-8.803961631729724,8.803961631729724,1033.3790720675202
1000,20.297572951856637,1.1,3.5400830628243565,4.2537939326365946,-8.81738589118656,8.81738589118656,966.1517601414394
1000,14.08565791740968,3.218280059458684,4.273981088332576,2.5671809450269176,-8.819738893390454,8.819738893390454,388.5603387365557
