volume,aspiration_rate,dispense_rate,delay_aspirate,delay_dispense,%error,abs-err,oo
1000,13.826360376110168,18.579386832179605,4.314901860928639,2.9467136005955843,-11.54132325441725,11.54132325441725,133.41031868464742
1000,18.273376348672528,1.1048200981050151,1.6848187543439037,3.2664076886561926,-13.03228022018315,13.03228022018315,964.8003870443903
1000,15.39144476212633,1.117192187740571,3.546159530123503,5.966407903022663,-13.03228022018315,13.03228022018315,969.5848653591298
1000,6.124804767371538,1.1018486462965167,5.737530747234675,2.7174979991383763,-13.03228022018315,13.03228022018315,1079.291204609377
1000,4.646126866591013,1.1227248480790266,5.119524646124474,5.155100122714431,-13.03228022018315,13.03228022018315,1116.1978453252605
