volume,aspiration_rate,dispense_rate,delay_aspirate,delay_dispense,%error,abs-err,oo
1000,26.4,24.318551679904157,0.13873731396923933,2.8672209985370283,-12.28632478659341,12.28632478659341,82.00561610010367
1000,26.26644286491289,16.940178191959856,0.8244467572300422,0.8405009168956558,-12.28632478659341,12.28632478659341,98.76759430991947
1000,13.826360376110168,18.579386832179605,4.314901860928639,2.9467136005955843,-10.895239276709308,10.895239276709308,133.41031868464742
1000,26.4,4.801384272424359,5.31467022201709,1.5531826417233638,-12.28632478659341,12.28632478659341,253.01991012929017
1000,4.4,21.343979819797404,5.547916231497018,0.6940964476135123,-12.28632478659341,12.28632478659341,280.36635846173067
