volume,aspiration_rate,dispense_rate,delay_aspirate,delay_dispense,%error,abs-err,oo
1000,13.826360376110168,18.579386832179605,4.314901860928639,2.9467136005955843,-11.876144626706076,11.876144626706076,133.41031868464742
1000,26.4,9.18878743065464,5.939112583850041,0.8575608437888473,-13.255494505897436,13.255494505897436,153.50374877599083
1000,6.941492937318882,12.836574435603497,4.943033562996756,0.0921032838832925,-13.255494505897436,13.255494505897436,226.9987687251679
1000,26.4,5.12530358884694,5.9439349657752585,2.7202901283603977,-13.255494505897436,13.255494505897436,241.65340646767729
1000,4.857195156773262,1.3814012850089474,4.994852805614043,5.506518729989459,-13.255494505897436,13.255494505897436,940.2841207784433
