volume,aspiration_rate,dispense_rate,delay_aspirate,delay_dispense,%error,abs-err,oo
1000,4.903584471109779,4.292747480427797,4.019015568693815,2.960788264684566,1.2326655799527346,1.2326655799527346,443.8632971822076
1000,4.4,3.7147227767959907,3.0204389496995496,2.337163216897096,4.7447333812250685,4.7447333812250685,501.82942183095486
1000,26.4,23.424777083966287,2.4474678288192413,0.3663700450503847,4.74473443235531,4.74473443235531,83.38246636097975
1000,24.82615975127186,18.219957138505485,5.3952496071376475,2.771638390817703,4.74473443235531,4.74473443235531,103.33185120197004
1000,21.360380963158,26.4,2.0324867117989887,6.0,4.74473443235531,4.74473443235531,92.72691901775238
