volume,aspiration_rate,dispense_rate,delay_aspirate,delay_dispense,%error,abs-err,oo
1000,4.903584471109779,4.292747480427797,4.019015568693815,2.960788264684566,4.240399764229393,4.240399764229393,443.8632971822076
1000,10.46358792131496,6.602251150510645,4.3314593473888445,4.059081702427012,7.39058907659381,7.39058907659381,255.4235437022805
1000,24.884575347105553,1.1,3.1136678589494258,5.6805698237424265,8.567376796754125,8.567376796754125,958.0706828356545
1000,15.715943344963403,2.1373584930522913,0.721117397830095,4.632438077927331,8.567998697775028,8.567998697775028,536.850438195046
1000,4.4,1.1,0.056051161810402435,1.6387791475385132,8.58061533241047,8.58061533241047,1138.0584666729853
