volume,aspiration_rate,dispense_rate,delay_aspirate,delay_dispense,%error,abs-err,oo
1000,52.27082876217667,47.45089623795213,3.070580251597018,2.7856083344200084,-3.6464609789892104,3.6464609789892104,46.06173573919922
1000,38.064662723578834,50.28793163945468,2.1463735128541312,2.5032596881520264,-4.35893541767575,4.35893541767575,50.806205249927686
1000,34.56590094027542,47.29853372912514,4.314901860928639,2.9467136005955843,-1.8932619380406308,1.8932619380406308,57.334165404783946
1000,33.60084049899605,40.57150496986792,0.8397045757823074,2.4061053399672216,-5.105878361052941,5.105878361052941,57.65481111723914
1000,11.481676617048263,54.42943817925722,4.7560959932927735,2.7057822675253727,-5.440238888424081,5.440238888424081,112.92958305039882
