volume,aspiration_rate,dispense_rate,delay_aspirate,delay_dispense,%error,abs-err,oo
1000,52.27082876217667,47.45089623795213,3.070580251597018,2.7856083344200084,-2.648685876576822,2.648685876576822,46.06173573919922
1000,65.90412292676896,39.957729633671725,4.8493413378922545,1.533657322406746,-3.529769149854496,3.529769149854496,46.58300310676329
1000,34.56590094027542,47.29853372912514,4.314901860928639,2.9467136005955843,-1.0751688987043813,1.0751688987043813,57.334165404783946
1000,33.60084049899605,40.57150496986792,0.8397045757823074,2.4061053399672216,-3.3306129544069933,3.3306129544069933,57.65481111723914
1000,11.03592561945202,40.2593278672394,4.495800369317646,3.8014715930012075,-3.15631860605219,3.15631860605219,123.7493875637472
