volume,aspiration_rate,dispense_rate,delay_aspirate,delay_dispense,%error,abs-err,oo
1000,52.27082876217667,47.45089623795213,3.070580251597018,2.7856083344200084,-3.0014947048655216,3.0014947048655216,46.06173573919922
1000,38.064662723578834,50.28793163945468,2.1463735128541312,2.5032596881520264,-4.09906237352667,4.09906237352667,50.806205249927686
1000,34.56590094027542,47.29853372912514,4.314901860928639,2.9467136005955843,-1.4828877153045212,1.4828877153045212,57.334165404783946
1000,33.60084049899605,40.57150496986792,0.8397045757823074,2.4061053399672216,-4.254414152835109,4.254414152835109,57.65481111723914
1000,11.194291492349459,45.445464724927646,4.964379914551676,0.2969577509478566,-4.580109590902015,4.580109590902015,116.59697898269779
