volume,aspiration_rate,dispense_rate,delay_aspirate,delay_dispense,%error,abs-err,oo
1000,52.27082876217667,47.45089623795213,3.070580251597018,2.7856083344200084,-2.5662509310696167,2.5662509310696167,46.06173573919922
1000,34.56590094027542,47.29853372912514,4.314901860928639,2.9467136005955843,-0.9714384707105235,0.9714384707105235,57.334165404783946
1000,33.60084049899605,40.57150496986792,0.8397045757823074,2.4061053399672216,-3.0857831786133305,3.0857831786133305,57.65481111723914
1000,27.640219967445,35.58718157259364,4.099577480538599,5.500192042460534,-3.104375319021945,3.104375319021945,73.87893722915416
1000,11.135599630004393,47.1465813087006,2.716284304425116,2.7282361589595645,-2.910645271680366,2.910645271680366,116.45704531203212
