volume,aspiration_rate,dispense_rate,delay_aspirate,delay_dispense,%error,abs-err,oo
1000,52.27082876217667,47.45089623795213,3.070580251597018,2.7856083344200084,-2.5149194231552743,2.5149194231552743,46.06173573919922
1000,34.56590094027542,47.29853372912514,4.314901860928639,2.9467136005955843,-0.9004956412866592,0.9004956412866592,57.334165404783946
1000,27.640219967445,35.58718157259364,4.099577480538599,5.500192042460534,-2.7526238455452186,2.7526238455452186,73.87893722915416
1000,11.263542192066879,43.90950908876379,5.636234350052736,1.0594742646125457,-2.738338677339457,2.738338677339457,118.25183634092683
1000,11.015305283247546,40.098296885098485,3.737458291871885,5.478363419412406,-2.7037859947991327,2.7037859947991327,124.93731347821276
