volume,aspiration_rate,dispense_rate,delay_aspirate,delay_dispense,%error,abs-err,oo
1000,11.056087986978,13.681912293993705,4.099577480538599,5.500192042460534,-6.366672073918742,6.366672073918742,173.1368731352929
1000,11.531319654349904,7.292409706934173,4.168531063111615,3.563414398044143,-6.680057949237419,6.680057949237419,231.5811721810005
1000,12.623631389601464,7.03317574211184,5.927971719100005,4.59597570115797,-7.126261592384191,7.126261592384191,231.92373625372474
1000,5.015603010944878,5.499834860788532,0.9244934510810805,0.4625188847896998,-8.023274883600557,8.023274883600557,382.5884746003898
1000,10.508486437737924,1.1,2.6532770848416787,4.796090560217284,-7.642712731012231,7.642712731012231,1011.7014596451274
