volume,aspiration_rate,dispense_rate,delay_aspirate,delay_dispense,%error,abs-err,oo
1000,11.056087986978,13.681912293993705,4.099577480538599,5.500192042460534,-6.925219764206136,6.925219764206136,173.1368731352929
1000,11.531319654349904,7.292409706934173,4.168531063111615,3.563414398044143,-7.1189044146817535,7.1189044146817535,231.5811721810005
1000,12.623631389601464,7.03317574211184,5.927971719100005,4.59597570115797,-8.30101935449405,8.30101935449405,231.92373625372474
1000,5.786885799394847,8.409828128100392,3.0431595156275604,0.0,-8.245271256711593,8.245271256711593,294.7561698613799
1000,14.08565791740968,3.218280059458684,4.273981088332576,2.5671809450269176,-8.405179809334793,8.405179809334793,388.5603387365557
