volume,aspiration_rate,dispense_rate,delay_aspirate,delay_dispense,%error,abs-err,oo
1000,11.0,5.5,0.0,0.0,-13.030442794193437,13.030442794193437,272.72727272727275
1000,40.538444701326206,5.52398371129907,0.38757648730672034,1.009690850420886,-13.030442803614621,13.030442803614621,207.09398347978996
1000,14.628126392350332,5.670666906476542,0.8432628197294509,1.4674311677046976,-13.030442805594104,13.030442805594104,247.0182498784202
1000,29.57651107930835,33.26690879482382,2.226736737772587,1.815214511520911,-13.030442805627024,13.030442805627024,67.91246671630711
1000,51.27011008640951,15.823839135703508,1.3106849552075532,1.7934438810011435,-13.030442805627114,13.030442805627114,85.80445958459808
