volume,aspiration_rate,dispense_rate,delay_aspirate,delay_dispense,%error,abs-err,oo
1000,11.0,5.5,0.0,0.0,1.2108320416444553,1.2108320416444553,272.72727272727275
1000,37.11702501564264,20.3511540768278,2.841862909631924,0.794034669453762,-1.984676097027094,1.984676097027094,79.71497450212966
1000,44.47891735482588,27.1848538454861,4.288091977437061,1.5839990954840886,-1.9846760970274682,1.9846760970274682,65.13984217927623
1000,11.0,5.5,1.9617162707311175,4.463779704650695,-1.9846760970274682,1.9846760970274682,279.15276870265455
1000,66.0,5.5,1.6530973008615182,2.883027459335034,-1.9846760970274682,1.9846760970274682,201.50582172989354
