volume,aspiration_rate,dispense_rate,delay_aspirate,delay_dispense,%error,abs-err,oo
1000,11.0,5.5,0.0,0.0,-3.255451213655353,3.255451213655353,272.72727272727275
1000,11.0,29.63948816164351,0.00758774154722185,0.0,-5.944847447558633,5.944847447558633,124.65545290160854
1000,11.0,53.45395839271305,0.3519433180923518,0.0,-8.121998109660657,8.121998109660657,109.96872267661944
1000,46.79393164179681,5.5,2.8214934642649228,0.0,-8.181685782475176,8.181685782475176,206.00996764545883
1000,37.11702501564264,20.3511540768278,2.841862909631924,0.794034669453762,-8.192483912730445,8.192483912730445,79.71497450212966
