volume,aspiration_rate,dispense_rate,delay_aspirate,delay_dispense,%error,abs-err,oo
1000,20.908331504870667,18.643102063143616,3.070580251597018,2.7856083344200084,-16.842676859845664,16.842676859845664,107.32315467695494
1000,13.826360376110168,18.579386832179605,4.314901860928639,2.9467136005955843,-13.63765767592421,13.63765767592421,133.41031868464742
1000,15.300819329040612,6.99074902864526,2.621163976768905,4.509257962731809,-16.971447718448218,16.971447718448218,215.53258721795999
1000,11.531319654349904,7.292409706934173,4.168531063111615,3.563414398044143,-15.74988768761989,15.74988768761989,231.5811721810005
1000,14.08565791740968,3.218280059458684,4.273981088332576,2.5671809450269176,-16.11705534961965,16.11705534961965,388.5603387365557
