volume,aspiration_rate,dispense_rate,delay_aspirate,delay_dispense,%error,abs-err,oo
1000,20.908331504870667,18.643102063143616,3.070580251597018,2.7856083344200084,-17.56190015503421,17.56190015503421,107.32315467695494
1000,13.826360376110168,18.579386832179605,4.314901860928639,2.9467136005955843,-14.605724433253158,14.605724433253158,133.41031868464742
1000,24.182430436424923,5.888235814760568,3.6241616250613973,2.560197364264921,-17.643835061080257,17.643835061080257,217.36685027009477
1000,11.531319654349904,7.292409706934173,4.168531063111615,3.563414398044143,-17.620226814305052,17.620226814305052,231.5811721810005
1000,14.08565791740968,3.218280059458684,4.273981088332576,2.5671809450269176,-17.715689634346315,17.715689634346315,388.5603387365557
