volume,aspiration_rate,dispense_rate,delay_aspirate,delay_dispense,%error,abs-err,oo
1000,20.915956841815813,19.994846361973583,3.1174788184840088,0.7928968597067971,-15.126424501514046,15.126424501514046,101.73365052045925
1000,21.05549389045416,18.509563544644642,2.4565275752380833,0.09874885118238312,-15.126424501514046,15.126424501514046,104.07494455121324
1000,20.797316395496843,19.170971224648806,2.5080782033314897,3.0800809260964828,-15.126424501514046,15.126424501514046,105.83348402792608
1000,20.96904868463365,15.583266191195584,3.2263426616594995,1.6435765265007451,-15.126424501514046,15.126424501514046,116.73065427396683
1000,13.826360376110168,18.579386832179605,4.314901860928639,2.9467136005955843,-10.18811874752502,10.18811874752502,133.41031868464742
