volume,aspiration_rate,dispense_rate,delay_aspirate,delay_dispense,%error,abs-err,oo
1000,13.826360376110168,18.579386832179605,4.314901860928639,2.9467136005955843,-10.576856028111884,10.576856028111884,133.41031868464742
1000,11.056087986978,13.681912293993705,4.099577480538599,5.500192042460534,-14.318376720434568,14.318376720434568,173.1368731352929
1000,15.300819329040612,6.99074902864526,2.621163976768905,4.509257962731809,-14.887174983193185,14.887174983193185,215.53258721795999
1000,11.531319654349904,7.292409706934173,4.168531063111615,3.563414398044143,-13.81906602707219,13.81906602707219,231.5811721810005
1000,12.623631389601464,7.03317574211184,5.927971719100005,4.59597570115797,-14.572339611595842,14.572339611595842,231.92373625372474
