volume,aspiration_rate,dispense_rate,delay_aspirate,delay_dispense,%error,abs-err,oo
1000,11.531319654349904,7.292409706934173,4.168531063111615,3.563414398044143,-3.9631963796947174,3.9631963796947174,231.5811721810005
1000,19.325414731889865,6.47243561765489,3.113573070282646,4.036821878398442,-7.619213464977085,7.619213464977085,213.3970705887366
1000,14.08565791740968,3.218280059458684,4.273981088332576,2.5671809450269176,-7.700980904016986,7.700980904016986,388.5603387365557
1000,15.300819329040612,6.99074902864526,2.621163976768905,4.509257962731809,-7.829166940280079,7.829166940280079,215.53258721795999
1000,12.623631389601464,7.03317574211184,5.927971719100005,4.59597570115797,-7.845550646756177,7.845550646756177,231.92373625372474
