volume,aspiration_rate,dispense_rate,delay_aspirate,delay_dispense,%error,abs-err,oo
1000,52.27082876217667,47.45089623795213,3.070580251597018,2.7856083344200084,-2.7642669629132173,2.7642669629132173,46.06173573919922
1000,65.7776907543435,39.14078771595419,3.177758065792041,4.400639068958281,-3.8768453403431153,3.8768453403431153,48.32991593432101
1000,34.56590094027542,47.29853372912514,4.314901860928639,2.9467136005955843,-1.2306181775289655,1.2306181775289655,57.334165404783946
1000,33.60084049899605,40.57150496986792,0.8397045757823074,2.4061053399672216,-3.692564694524415,3.692564694524415,57.65481111723914
1000,11.075215052565365,39.78726921199919,5.586814947994474,2.7861102433084275,-3.7995058368415906,3.7995058368415906,123.79829326918774
