volume,aspiration_rate,dispense_rate,delay_aspirate,delay_dispense,%error,abs-err,oo
1000,34.56590094027542,47.29853372912514,4.314901860928639,2.9467136005955843,-19.76476015,19.76476015,57.334165404783946
1000,48.21699977308806,29.57061112309567,1.1762139118916393,1.9400233317156128,-19.76476015,19.76476015,57.67317046094521
1000,32.2833028954259,5.528927939722101,2.8689608506900344,4.293520652988169,-19.76476015,19.76476015,219.00513611269554
1000,11.6112903266834,5.6745409101874165,4.552628522247185,1.520522573001506,-19.76476015,19.76476015,268.42193356897036
1000,11.61531716647753,5.554342028015063,5.119524646124474,5.155100122714431,-19.76476015,19.76476015,276.4071668145136
