volume,aspiration_rate,dispense_rate,delay_aspirate,delay_dispense,%error,abs-err,oo
1000,20.217689706739037,11.554785918309511,4.288091977437061,1.5839990954840886,3.3518305401197894,3.3518305401197894,141.87795228884335
1000,29.992074504017395,29.182552015950584,0.519913644654631,1.3754968667747307,4.399952752791166,4.399952752791166,69.50460333873517
1000,5.157305892112006,23.551297001772873,5.246688571105944,4.037692974113353,4.399952752791166,4.399952752791166,245.6445754100721
1000,17.502262048511824,29.99103705429737,3.273774645364755,0.08375503405774645,4.399952752791166,4.399952752791166,93.83629663418034
1000,21.06406793825674,27.645883171868547,0.10513462637360618,0.734048589113119,4.399952752791166,4.399952752791166,84.48514485719325
