volume,aspiration_rate,dispense_rate,delay_aspirate,delay_dispense,%error,abs-err,oo
1000,20.217689706739037,11.554785918309511,4.288091977437061,1.5839990954840886,3.421157171276584,3.421157171276584,141.87795228884335
1000,5.232828299867788,23.445192909250988,3.122350989545633,1.8655943824604146,4.61138672409119,4.61138672409119,238.74185655125845
1000,16.39006857063042,29.99677722314983,4.073606534785082,5.447707086543252,4.61138672409119,4.61138672409119,103.87078563576712
1000,28.656210901081913,27.185092332485883,0.4245634903650607,0.47722468629047,4.61138672409119,4.61138672409119,72.5831038838141
1000,12.40825398921784,12.126018651467536,5.998248305574435,0.2418094013871928,4.61138672409119,4.61138672409119,169.29887223554192
