volume,aspiration_rate,dispense_rate,delay_aspirate,delay_dispense,%error,abs-err,oo
1000,20.217689706739037,11.554785918309511,4.288091977437061,1.5839990954840886,6.703283724945663,6.703283724945663,141.87795228884335
1000,29.93570898752532,23.054651557926903,5.8739044656375565,1.1397103577419918,6.703283724945663,6.703283724945663,83.7937307273957
1000,17.195543293900293,15.898098783357238,5.6593404138301215,5.024294098956043,6.703283724945663,6.703283724945663,131.73884088177698
1000,29.95091748018449,27.66017568441985,1.6479721304390655,4.421716326035858,6.703283724945663,6.703283724945663,75.61070761555142
1000,15.620674920344658,29.7566453206212,1.9523903063929628,5.988422367333736,6.703283724945663,6.703283724945663,105.56447185341133
