volume,aspiration_rate,dispense_rate,delay_aspirate,delay_dispense,%error,abs-err,oo
1000,20.217689706739037,11.554785918309511,4.288091977437061,1.5839990954840886,3.2827649205982663,3.2827649205982663,141.87795228884335
1000,11.088566702820426,11.894199304924925,5.843118552482332,5.01099707055024,4.110559887059711,4.110559887059711,185.11169248826891
1000,26.968307313856016,29.95023961284976,4.42325949565816,2.3463526335574167,4.110559887059711,4.110559887059711,77.2388889606282
1000,5.277939344477948,23.691864936099403,5.795340278096457,0.9786333351901146,4.110559887059711,4.110559887059711,238.4504387037879
1000,16.185249657102435,29.902649077567315,4.657423932582818,1.0056962380766319,4.110559887059711,4.110559887059711,100.88962425857164
