volume,aspiration_rate,dispense_rate,delay_aspirate,delay_dispense,%error,abs-err,oo
1000,20.217689706739037,11.554785918309511,4.288091977437061,1.5839990954840886,3.2772935598857718,3.2772935598857718,141.87795228884335
1000,5.232828299867788,23.445192909250988,3.122350989545633,1.8655943824604146,4.020001575331131,4.020001575331131,238.74185655125845
1000,16.39006857063042,29.99677722314983,4.073606534785082,5.447707086543252,4.020001575331131,4.020001575331131,103.87078563576712
1000,19.904007575251633,27.961660445482078,0.3944971191072063,3.749727057404506,4.020001575331131,4.020001575331131,90.14861787134981
1000,28.22765654522721,29.970811265079114,5.843836876646687,0.5724010746462225,4.020001575331131,4.020001575331131,75.2082841714198
