volume,aspiration_rate,dispense_rate,delay_aspirate,delay_dispense,%error,abs-err,oo
1000,20.217689706739037,11.554785918309511,4.288091977437061,1.5839990954840886,3.3118594094983806,3.3118594094983806,141.87795228884335
1000,5.232828299867788,23.445192909250988,3.122350989545633,1.8655943824604146,4.238803955836457,4.238803955836457,238.74185655125845
1000,20.0956313939703,28.131204731187584,4.35109909249986,5.0939376229321045,4.238803955836457,4.238803955836457,94.75480924062245
1000,27.076301077075776,29.98185533251264,5.152983160435931,0.5773349782023485,4.238803955836457,4.238803955836457,76.01649099838666
1000,21.01120665050912,25.49880440460614,2.7890493892586115,5.675378990387961,4.238803955836457,4.238803955836457,95.27560267767905
