volume,aspiration_rate,dispense_rate,delay_aspirate,delay_dispense,%error,abs-err,oo
1000,20.217689706739037,11.554785918309511,4.288091977437061,1.5839990954840886,3.643051834019921,3.643051834019921,141.87795228884335
1000,5.572255080806567,4.87812213684977,4.019015568693815,2.960788264684566,4.943302623162624,4.943302623162624,391.4372779803481
1000,16.337657605295497,29.948641777501585,2.34854648708635,0.42781505603067715,4.943302623162651,4.943302623162651,97.37514224722516
1000,19.60388394443138,27.877835413522607,0.16914513858754315,2.6064177189643036,4.943302623162651,4.943302623162651,89.65665352339508
1000,28.702273910156254,26.719688572787092,0.8858517617115869,5.445523426152448,4.943302623162651,4.943302623162651,78.5974062468563
