volume,aspiration_rate,dispense_rate,delay_aspirate,delay_dispense,%error,abs-err,oo
1000,20.217689706739037,11.554785918309511,4.288091977437061,1.5839990954840886,3.056936049052876,3.056936049052876,141.87795228884335
1000,11.088566702820426,11.894199304924925,5.843118552482332,5.01099707055024,3.7715568158608574,3.7715568158608574,185.11169248826891
1000,5.026442057127815,23.334422654973668,0.9560653770650112,1.4507364612023665,3.7715568158608574,3.7715568158608574,244.20982574303048
1000,16.429095675660566,29.955607871196104,4.5427198300354705,0.8410478456884747,3.7715568158608574,3.7715568158608574,99.63412158162886
1000,19.97559534263407,28.006098655258977,2.621152268181598,5.874561054493704,3.7715568158608574,3.7715568158608574,94.26330801667561
