volume,aspiration_rate,dispense_rate,delay_aspirate,delay_dispense,%error,abs-err,oo
1000,34.56590094027542,47.29853372912514,4.314901860928639,2.9467136005955843,-0.41359270470271703,0.41359270470271703,57.334165404783946
1000,11.103915560504994,47.62613637892644,0.42154809324193987,5.6341902200483975,0.35033948797208314,0.35033948797208314,117.11093436451984
1000,66.0,5.5,0.0,6.0,0.5265820233780723,0.5265820233780723,202.96969696969697
1000,66.0,5.5,6.0,0.0,-1.5977457631267895,1.5977457631267895,202.96969696969697
1000,15.323965135647885,5.832327906885346,0.1791635162552963,0.47990055081159155,-0.8292358832280788,0.8292358832280788,237.37444931064812
