volume,aspiration_rate,dispense_rate,delay_aspirate,delay_dispense,%error,abs-err,oo
1000,34.56590094027542,47.29853372912514,4.314901860928639,2.9467136005955843,-0.5929098202350578,0.5929098202350578,57.334165404783946
1000,11.013348251794469,51.6237002897421,0.2595959071312129,5.554782008492955,-0.541984125492011,0.541984125492011,115.98423412919863
1000,13.457498886838291,27.341781720281432,5.9654021116225975,0.5103335391963134,-0.3183946429500055,0.3183946429500055,117.35780975987066
1000,12.539007527362195,16.021344232320402,0.9244934510810805,0.4625188847896998,-0.5203682913545595,0.5203682913545595,143.55487595883602
1000,11.916607449364868,6.036949298393307,0.33237323689433984,0.5474503454951293,0.3430753630776444,0.3430753630776444,250.44290368970684
