volume,aspiration_rate,dispense_rate,delay_aspirate,delay_dispense,%error,abs-err,oo
1000,44.47891735482588,27.1848538454861,4.288091977437061,1.5839990954840886,2.4769735675486526,2.4769735675486526,65.13984217927623
1000,44.36550794038533,26.448706707900424,4.392351608134922,1.4420377721177096,6.447728073775542,6.447728073775542,66.18345415149606
1000,47.17370485329467,27.376166908770504,4.333169833199053,1.5810410634462975,6.45062775175407,6.45062775175407,63.64058441994147
1000,46.76991125879844,29.774541021764698,3.9425291420523028,1.688398087970128,6.450645653761054,6.450645653761054,60.59793530365734
1000,44.40275676158054,35.54804980586635,1.936974379197653,3.1152523201222193,6.4506457569372655,6.4506457569372655,55.704289321576304
