volume,aspiration_rate,dispense_rate,delay_aspirate,delay_dispense,%error,abs-err,oo
1000,44.47891735482588,27.1848538454861,4.288091977437061,1.5839990954840886,13.607011071309962,13.607011071309962,65.13984217927623
1000,61.81878777510246,6.197877260279419,5.291754521538258,5.7084397113223915,13.607011071309962,13.607011071309962,188.52206990801446
1000,44.40275676158054,35.54804980586635,1.936974379197653,3.1152523201222193,13.607011071309962,13.607011071309962,55.704289321576304
1000,48.04984693842591,55.551190385528855,4.391000195078846,5.442660044521943,13.607011071309962,13.607011071309962,48.646795487360066
1000,37.49789754753344,27.172366069133602,5.308874378137085,4.88402560664824,13.607011071309962,13.607011071309962,73.66315690639574
