volume,aspiration_rate,dispense_rate,delay_aspirate,delay_dispense,%error,abs-err,oo
1000,44.47891735482588,27.1848538454861,4.288091977437061,1.5839990954840886,1.6446413153058383,1.6446413153058383,65.13984217927623
1000,14.246185882823957,64.15913694077554,4.281304380713222,3.574064369668018,4.2281672819393155,4.2281672819393155,93.63583992100148
1000,44.40275676158054,35.54804980586635,1.936974379197653,3.1152523201222193,4.2281672819393155,4.2281672819393155,55.704289321576304
1000,48.04984693842591,55.551190385528855,4.391000195078846,5.442660044521943,4.2281672819393155,4.2281672819393155,48.646795487360066
1000,44.581949638728325,14.030238116879717,4.290979638212606,1.3927713818494625,4.2281672819393155,4.2281672819393155,99.38898154099
