volume,aspiration_rate,dispense_rate,delay_aspirate,delay_dispense,%error,abs-err,oo
1000,44.47891735482588,27.1848538454861,4.288091977437061,1.5839990954840886,1.8817562993699863,1.8817562993699863,65.13984217927623
1000,14.246185882823957,64.15913694077554,4.281304380713222,3.574064369668018,4.704797048270292,4.704797048270292,93.63583992100148
1000,44.58393191272887,44.55889559339044,4.2912775450249185,2.4065596143184598,4.704797048270292,4.704797048270292,51.56965048887177
1000,48.04984693842591,55.551190385528855,4.391000195078846,5.442660044521943,4.704797048270292,4.704797048270292,48.646795487360066
1000,37.49789754753344,27.172366069133602,5.308874378137085,4.88402560664824,4.704797048270292,4.704797048270292,73.66315690639574
