volume,aspiration_rate,dispense_rate,delay_aspirate,delay_dispense,%error,abs-err,oo
1000,26.4,21.561213234941672,4.229542288005543,0.29030927281846025,-13.853021978183154,13.853021978183154,88.77821878440591
1000,26.4,14.545816428144743,5.0833085088031265,2.3829454742632343,-13.853021978183154,13.853021978183154,114.09333144325561
1000,13.826360376110168,18.579386832179605,4.314901860928639,2.9467136005955843,-11.199213720789563,11.199213720789563,133.41031868464742
1000,26.4,9.36612586794409,5.882325190977942,2.260418147985835,-13.853021978183154,13.853021978183154,152.78926145107437
1000,26.4,4.833040158760532,3.6906791644648065,5.000317091138833,-13.853021978183154,13.853021978183154,253.4788863042475
