volume,aspiration_rate,dispense_rate,delay_aspirate,delay_dispense,%error,abs-err,oo
1000,20.908331504870667,18.643102063143616,3.070580251597018,2.7856083344200084,-16.12919367810992,16.12919367810992,107.32315467695494
1000,15.225865089431533,19.82949868559014,2.1463735128541312,2.5032596881520264,-15.858721893005406,15.858721893005406,120.75726473222981
1000,13.826360376110168,18.579386832179605,4.314901860928639,2.9467136005955843,-11.776491369074229,11.776491369074229,133.41031868464742
1000,4.794251434602661,20.936717863073422,3.8638045757805894,2.915187972584067,-16.007750537584922,16.007750537584922,263.1251070103507
1000,4.504248354103944,19.359507683088147,4.561303901631506,4.221629696034346,-16.070604615554025,16.070604615554025,282.44976453932173
