volume,aspiration_rate,dispense_rate,delay_aspirate,delay_dispense,%error,abs-err,oo
1000,66.0,29.294221927198286,6.0,6.0,-0.2922512456704631,0.2922512456704631,61.28793981864543
1000,31.55907847400366,19.688028948528313,5.927971719100005,4.59597570115797,-0.4937744945710477,0.4937744945710477,93.00283686225447
1000,62.68893958853541,5.569269215169354,5.932579659612981,5.58644493730605,0.6383326789511263,0.6383326789511263,207.02757336098043
1000,35.2141447935242,10.565452316096852,4.273981088332576,2.5671809450269176,-0.8150588204003343,0.8150588204003343,129.88694279473322
1000,38.25204832260153,19.58657376415171,2.621163976768905,4.509257962731809,-0.8249761015706101,0.8249761015706101,84.32819455424341
