volume,aspiration_rate,dispense_rate,delay_aspirate,delay_dispense,%error,abs-err,oo
1000,13.826360376110168,18.579386832179605,4.314901860928639,2.9467136005955843,-9.31776568188,9.31776568188,133.41031868464742
1000,26.4,4.82801798296417,5.314707905600928,1.5531641206626907,-11.549908425311358,11.549908425311358,251.87099198677427
1000,26.4,21.564783019907853,0.5077076362330024,1.7015742625154109,-11.549908425311358,11.549908425311358,86.45997155261259
1000,26.329380707386335,14.531652672937929,2.5874467375263492,5.1643476919661975,-11.549908425311358,11.549908425311358,114.54747619119486
1000,4.4,1.1,6.0,6.0,-11.549908425311358,11.549908425311358,1148.3636363636363
