volume,aspiration_rate,dispense_rate,delay_aspirate,delay_dispense,%error,abs-err,oo
1000,13.826360376110168,18.579386832179605,4.314901860928639,2.9467136005955843,-7.694313656524383,7.694313656524383,133.41031868464742
1000,26.4,4.962951359023679,5.594149177904387,4.77663813053596,-9.954975580244204,9.954975580244204,249.74258361290862
1000,6.124804767371538,1.1018486462965167,5.737530747234675,2.7174979991383763,-9.954975580244204,9.954975580244204,1079.291204609377
1000,4.64451613067336,1.1729898351692833,4.552628522247185,1.520522573001506,-9.954975580244204,9.954975580244204,1073.9031393295386
1000,26.4,8.90575183436579,4.7895552914655095,0.45853077312221757,-9.954975580244204,9.954975580244204,155.41385640129334
