volume,aspiration_rate,dispense_rate,delay_aspirate,delay_dispense,%error,abs-err,oo
1000,13.826360376110168,18.579386832179605,4.314901860928639,2.9467136005955843,-8.39091525841428,8.39091525841428,133.41031868464742
1000,4.4,1.1,6.0,6.0,-9.319196428672166,9.319196428672166,1148.3636363636363
1000,4.4,1.1,0.0,6.0,-9.319196428672166,9.319196428672166,1142.3636363636363
1000,4.4,1.1,6.0,6.0,-9.319196428672166,9.319196428672166,1148.3636363636363
1000,4.4,1.1,6.0,0.0,-9.319196428672166,9.319196428672166,1142.3636363636363
