volume,aspiration_rate,dispense_rate,delay_aspirate,delay_dispense,%error,abs-err,oo
1000,11.531319654349904,7.292409706934173,4.168531063111615,3.563414398044143,-3.6884332043501793,3.6884332043501793,231.5811721810005
1000,6.488097793625009,1.1064386358259728,4.674842943807631,3.20865569723981,-6.1052567528375015,6.1052567528375015,1065.8125660384962
1000,5.402619186811696,1.1100832195924062,3.9800098370968198,2.6731339884524727,-6.3817829367296355,6.3817829367296355,1092.581914411067
1000,4.89198091583346,1.1010730837074254,2.2849880676915664,2.5934786311653255,-6.63411229157264,6.63411229157264,1117.4995635361881
1000,5.371449743518367,1.1196707714729637,4.7271945049029425,2.6256253539539296,-6.681473306037585,6.681473306037585,1086.6419778136467
