volume,aspiration_rate,dispense_rate,delay_aspirate,delay_dispense,%error,abs-err,oo
1000,11.531319654349904,7.292409706934173,4.168531063111615,3.563414398044143,-3.8841918784347387,3.8841918784347387,231.5811721810005
1000,14.08565791740968,3.218280059458684,4.273981088332576,2.5671809450269176,-7.441979201071296,7.441979201071296,388.5603387365557
1000,12.623631389601464,7.03317574211184,5.927971719100005,4.59597570115797,-7.540253717249047,7.540253717249047,231.92373625372474
1000,4.4145090093194534,9.326245396972258,2.727740492329837,4.5969583686442075,-7.549422673607471,7.549422673607471,341.07474256434057
1000,15.300819329040612,6.99074902864526,2.621163976768905,4.509257962731809,-7.553873219228767,7.553873219228767,215.53258721795999
