volume,aspiration_rate,dispense_rate,delay_aspirate,delay_dispense,%error,abs-err,oo
1000,34.56590094027542,47.29853372912514,4.314901860928639,2.9467136005955843,-2.039611906463714,2.039611906463714,57.334165404783946
1000,11.435243957228565,49.98250063328147,2.034931524223562,0.34941038166416194,-3.7892066423062687,3.7892066423062687,109.84028736500987
1000,11.96869990076394,5.74101841510816,4.105132853614398,3.106863630004055,-3.7892066423062687,3.7892066423062687,264.9483832660579
1000,11.6112903266834,5.6745409101874165,4.552628522247185,1.520522573001506,-3.7892066423062687,3.7892066423062687,268.42193356897036
1000,39.7555638968159,27.751469904926104,1.0389449441765308,0.7610148648966173,-3.7892066423062687,3.7892066423062687,62.98779901654371
