volume,aspiration_rate,dispense_rate,delay_aspirate,delay_dispense,%error,abs-err,oo
1000,34.56590094027542,47.29853372912514,4.314901860928639,2.9467136005955843,-2.141983717823439,2.141983717823439,57.334165404783946
1000,11.351916174260085,51.853673600223466,5.0358120320384385,5.793858499586185,-5.440498155461253,5.440498155461253,118.20556211438958
1000,39.58513278803635,27.523013757989478,2.6660399185516184,5.739932009315396,-5.440498155461253,5.440498155461253,70.00121180774191
1000,12.689891942552583,65.80802029637854,5.644679999788948,5.08081841436703,-5.440498155461253,5.440498155461253,104.7240920938281
1000,13.588946055886229,5.628682305712826,0.029376825672768232,0.6848577455957565,-5.440498155461253,5.440498155461253,251.96493379089773
