volume,aspiration_rate,dispense_rate,delay_aspirate,delay_dispense,%error,abs-err,oo
1000,34.56590094027542,47.29853372912514,4.314901860928639,2.9467136005955843,-1.979784204845822,1.979784204845822,57.334165404783946
1000,35.02735164559613,62.2760536807862,4.630949331960302,2.37020293013245,-4.446164997706903,4.446164997706903,51.607806813454864
1000,11.0,5.5,6.0,6.0,-4.446164997706903,4.446164997706903,284.72727272727275
1000,65.92816089312336,41.63346856174584,5.242131399566756,0.95399245109917,-4.446164997706903,4.446164997706903,45.38328631864977
1000,35.227889742267514,28.315994293471526,3.800714073824186,5.687679408024941,-4.446164997706903,4.446164997706903,73.19072273411538
