volume,aspiration_rate,dispense_rate,delay_aspirate,delay_dispense,%error,abs-err,oo
1000,34.56590094027542,47.29853372912514,4.314901860928639,2.9467136005955843,-2.023792078382907,2.023792078382907,57.334165404783946
1000,38.064662723578834,50.28793163945468,2.1463735128541312,2.5032596881520264,-4.856626631208691,4.856626631208691,50.806205249927686
1000,52.27082876217667,47.45089623795213,3.070580251597018,2.7856083344200084,-4.856626691636466,4.856626691636466,46.06173573919922
1000,33.60084049899605,40.57150496986792,0.8397045757823074,2.4061053399672216,-4.856626691666661,4.856626691666661,57.65481111723914
1000,24.8825309151132,55.60890332830879,5.496565505002811,1.985293232977234,-4.856626691666663,4.856626691666663,65.65342848161865
