volume,aspiration_rate,dispense_rate,delay_aspirate,delay_dispense,%error,abs-err,oo
1000,13.826360376110168,18.579386832179605,4.314901860928639,2.9467136005955843,-8.495207702961675,8.495207702961675,133.41031868464742
1000,24.616455602309415,16.227715699646225,5.958263012773226,4.858412727322113,-9.313949939039484,9.313949939039484,113.06287594531499
1000,4.877719864272958,24.973054467619107,0.2384831834429742,4.333529293750818,-9.313949939039484,9.313949939039484,249.62899548311785
1000,6.488097793625009,1.1064386358259728,4.674842943807631,3.20865569723981,-9.313949939039484,9.313949939039484,1065.8125660384962
1000,5.043035732476152,23.413357876166874,2.8459350436593187,0.0020680970147841653,-9.313949939039484,9.313949939039484,243.85192537472304
