volume,aspiration_rate,dispense_rate,delay_aspirate,delay_dispense,%error,abs-err,oo
1000,13.826360376110168,18.579386832179605,4.314901860928639,2.9467136005955843,-7.773240459254351,7.773240459254351,133.41031868464742
1000,7.115029212455839,25.910212799895888,0.05342288618719883,1.0794315209546876,-9.308608058769236,9.308608058769236,180.27523512218056
1000,26.177964083048472,5.000533169884214,0.7687064211032293,0.059233292821345276,-9.308608058769236,9.308608058769236,239.00668288404685
1000,26.209033468724556,25.2862469083394,0.9344549557047335,2.5603339733392696,-9.308608058769236,9.308608058769236,81.19676208522466
1000,26.161673050672228,21.39551891687444,3.2175645155883297,2.7466954361641394,-9.308608058769236,9.308608058769236,90.92687394784002
