volume,aspiration_rate,dispense_rate,delay_aspirate,delay_dispense,%error,abs-err,oo
1000,20.908331504870667,18.643102063143616,3.070580251597018,2.7856083344200084,-15.236799520622363,15.236799520622363,107.32315467695494
1000,15.225865089431533,19.82949868559014,2.1463735128541312,2.5032596881520264,-15.37797646895245,15.37797646895245,120.75726473222981
1000,13.826360376110168,18.579386832179605,4.314901860928639,2.9467136005955843,-11.370551796660571,11.370551796660571,133.41031868464742
1000,7.296380055782054,22.387238744616802,5.060108898305268,3.4670965050829228,-15.387266192144246,15.387266192144246,190.24977424828882
1000,4.4,13.015644740483502,0.0,2.7303826131598243,-15.382705637860742,15.382705637860742,306.8337256516684
