volume,aspiration_rate,dispense_rate,delay_aspirate,delay_dispense,%error,abs-err,oo
1000,20.908331504870667,18.643102063143616,3.070580251597018,2.7856083344200084,-15.358491706610563,15.358491706610563,107.32315467695494
1000,17.942330880670326,18.702172924220942,2.3424404933280956,2.962922787960065,-15.076442476597805,15.076442476597805,114.50920472601011
1000,15.225865089431533,19.82949868559014,2.1463735128541312,2.5032596881520264,-15.50731751351336,15.50731751351336,120.75726473222981
1000,13.826360376110168,18.579386832179605,4.314901860928639,2.9467136005955843,-12.528396095496625,12.528396095496625,133.41031868464742
1000,7.145914691238703,14.680459329327547,3.9609614414733283,2.72586071779475,-15.490840437434407,15.490840437434407,214.74467949258243
