volume,aspiration_rate,dispense_rate,delay_aspirate,delay_dispense,%error,abs-err,oo
1000,20.908331504870667,18.643102063143616,3.070580251597018,2.7856083344200084,-15.029484415773247,15.029484415773247,107.32315467695494
1000,15.225865089431533,19.82949868559014,2.1463735128541312,2.5032596881520264,-15.28644727774765,15.28644727774765,120.75726473222981
1000,13.826360376110168,18.579386832179605,4.314901860928639,2.9467136005955843,-11.631055012471327,11.631055012471327,133.41031868464742
1000,13.28381986855196,17.772203886955893,2.066191843450067,3.2064314967435505,-15.144851286877358,15.144851286877358,136.8198163664512
1000,5.55464425065815,21.12870813438739,3.5590514579016195,3.100277963278929,-15.055403846814306,15.055403846814306,234.01783085488637
