volume,aspiration_rate,dispense_rate,delay_aspirate,delay_dispense,%error,abs-err,oo
1000,20.908331504870667,18.643102063143616,3.070580251597018,2.7856083344200084,-15.498503713792315,15.498503713792315,107.32315467695494
1000,15.225865089431533,19.82949868559014,2.1463735128541312,2.5032596881520264,-15.163835829798487,15.163835829798487,120.75726473222981
1000,13.826360376110168,18.579386832179605,4.314901860928639,2.9467136005955843,-11.485110665064333,11.485110665064333,133.41031868464742
1000,13.44033619959842,15.766265714672036,0.8397045757823074,2.4061053399672216,-15.566764736513896,15.566764736513896,141.07527074910564
1000,14.08565791740968,3.218280059458684,4.273981088332576,2.5671809450269176,-15.419451116411718,15.419451116411718,388.5603387365557
