volume,aspiration_rate,dispense_rate,delay_aspirate,delay_dispense,%error,abs-err,oo
1000,4.903584471109779,4.292747480427797,4.019015568693815,2.960788264684566,1.0640457054301273,1.0640457054301273,443.8632971822076
1000,4.4496476638391504,18.015499356696147,3.371660035479769,2.5322245578423654,-1.5310210618835598,1.5310210618835598,286.14853882601096
1000,4.579609461727072,26.367800747490232,5.600280979934178,2.3483185239491915,-1.5310210623717921,1.5310210623717921,264.2328742950321
1000,8.892168271637887,16.60878401585325,5.582518278262167,2.2660884224946996,-1.5310210623717977,1.5310210623717977,180.51622107123538
1000,25.427200443079187,1.1,0.0,2.295744683874699,-1.5310210623717977,1.5310210623717977,950.7146168448267
