volume,aspiration_rate,dispense_rate,delay_aspirate,delay_dispense,%error,abs-err,oo
1000,4.903584471109779,4.292747480427797,4.019015568693815,2.960788264684566,1.0420523573019307,1.0420523573019307,443.8632971822076
1000,17.791566941930355,10.168211608112369,4.288091977437061,1.5839990954840886,-1.88219518588174,1.88219518588174,160.42420609101458
1000,4.472837087213913,13.30364889115767,0.9467152700184842,1.2085785787375585,-1.88219518588174,1.88219518588174,300.8943880419174
1000,26.4,2.5601477627242213,2.7790667227808212,1.4574911493935834,-1.88219518588174,1.88219518588174,432.71780024988254
1000,5.047766442127869,11.466640352548984,0.5646116808716999,5.852996924657622,-1.88219518588174,1.88219518588174,291.73453371475983
