volume,aspiration_rate,dispense_rate,delay_aspirate,delay_dispense,%error,abs-err,oo
1000,4.4,1.2577577116195704,5.753118156258712,3.000320898040893,-0.9598762222800079,0.9598762222800079,1031.0918540677405
1000,4.903584471109779,4.292747480427797,4.019015568693815,2.960788264684566,1.059857506078285,1.059857506078285,443.8632971822076
1000,20.03297766693162,1.1,0.7966062254640196,2.3342967416452365,-1.2642450143344215,1.2642450143344215,962.1395036077223
1000,8.892168271637887,16.60878401585325,5.582518278262167,2.2660884224946996,-1.264245014334552,1.264245014334552,180.51622107123538
1000,4.4,13.188029346088681,0.0,2.2397681810750614,-1.2642450143345574,1.2642450143345574,305.3388356716895
