volume,aspiration_rate,dispense_rate,delay_aspirate,delay_dispense,%error,abs-err,oo
1000,4.903584471109779,4.292747480427797,4.019015568693815,2.960788264684566,-2.073794261284784,2.073794261284784,443.8632971822076
1000,17.791566941930355,10.168211608112369,4.288091977437061,1.5839990954840886,-5.9333028085714306,5.9333028085714306,160.42420609101458
1000,4.4,13.11136035259929,2.6311609314808884,0.18945272426760604,-5.9333028085714306,5.9333028085714306,306.3630774857318
1000,26.4,18.301792090316976,3.368452907041141,5.928007546000677,-5.9333028085714306,5.9333028085714306,101.81470631851917
1000,4.4,1.1,6.0,0.0,-5.9333028085714306,5.9333028085714306,1142.3636363636363
