volume,aspiration_rate,dispense_rate,delay_aspirate,delay_dispense,%error,abs-err,oo
1000,65.30732174683494,63.44338427186961,1.8843798658418893,3.2302793519979316,-10.837926641098845,10.837926641098845,36.18896277486299
1000,66.0,66.0,0.0,6.0,-7.095618318660381,7.095618318660381,36.303030303030305
1000,64.8164677437669,65.17189028630784,4.132632185194873,5.725258203139901,-10.852456075884017,10.852456075884017,40.63010695949733
1000,54.1331646349605,65.28327661165174,3.4023816959500595,5.94634716157482,-10.852455255900415,10.852455255900415,43.13955142841764
1000,65.38801842836199,50.255244461919695,3.0592852820690517,5.88570211957157,-10.852455603961173,10.852455603961173,44.1367298500169
