volume,aspiration_rate,dispense_rate,delay_aspirate,delay_dispense,%error,abs-err,oo
1000,11.364734441506213,15.638293130368433,0.2826755499798431,0.08343128827547133,-0.746937889926035,0.746937889926035,152.3032017662509
1000,17.468361029366644,5.504585379933533,0.9904238969619377,1.5215663722653838,-2.49978557953508,2.49978557953508,241.42507073557664
1000,11.0,28.582858427174372,0.6992944669736423,0.0,-2.974301251679054,2.974301251679054,126.59438940179479
1000,35.68079741410649,5.5,0.08246399722252956,1.414742902170707,-3.915167286667936,3.915167286667936,211.34166818644835
1000,12.258961177774447,13.134830931457778,4.019015568693815,2.960788264684566,-4.201989864262646,4.201989864262646,164.6862347016827
