volume,aspiration_rate,dispense_rate,delay_aspirate,delay_dispense,%error,abs-err,oo
1000,13.843117843348276,5.517437732656906,0.429555663521373,0.4817985860718158,-1.6397588915924355,1.6397588915924355,254.3929656007568
1000,11.510016428441002,46.05506576104425,2.394038865490654,0.578042413553739,-1.6397601474829426,1.6397601474829426,111.56606837251222
1000,37.11702501564264,20.3511540768278,2.841862909631924,0.794034669453762,-1.6397601478408914,1.6397601478408914,79.71497450212966
1000,11.093157464914999,6.11230636696866,2.8842487764223232,1.0653674038409695,-1.6397601478413235,1.6397601478413235,257.69964077259397
1000,44.47891735482588,27.1848538454861,4.288091977437061,1.5839990954840886,-1.6397601478413257,1.6397601478413257,65.13984217927623
