volume,aspiration_rate,dispense_rate,delay_aspirate,delay_dispense,%error,abs-err,oo
1000,11.0,5.5,0.0,0.0,0.8594270502247876,0.8594270502247876,272.72727272727275
1000,11.0,32.32185633719743,1.4545701399090432,0.0,-3.006314127905512,3.006314127905512,123.30247810107487
1000,11.0,23.010298355238017,2.17235088890134,0.0,-3.006391585904504,3.006391585904504,136.54024379011688
1000,54.82609597661586,52.66333761691546,2.1084739530987524,0.06632384622841712,-3.0063915885898664,3.0063915885898664,39.402829299026344
1000,56.106016452488596,5.5,3.112005392550878,0.0,-3.0063916713979424,3.0063916713979424,202.75358768057026
