volume,aspiration_rate,dispense_rate,delay_aspirate,delay_dispense,%error,abs-err,oo
1000,11.0,5.5,0.0,0.0,0.4515787781510965,0.4515787781510965,272.72727272727275
1000,11.0,21.80188089109507,1.0689157714496433,0.0,-3.7742821320034645,3.7742821320034645,137.84560888400216
1000,11.0,31.76201244667024,1.2090683551630816,0.0,-3.7760088349212015,3.7760088349212015,123.60231039224193
1000,66.0,16.355486711935928,1.0014509414072528,0.0,-3.776141924564728,3.776141924564728,77.29452779711913
1000,54.82609597661586,52.66333761691546,2.1084739530987524,0.06632384622841712,-3.7765221121543626,3.7765221121543626,39.402829299026344
