volume,aspiration_rate,dispense_rate,delay_aspirate,delay_dispense,%error,abs-err,oo
1000,11.531319654349904,7.292409706934173,4.168531063111615,3.563414398044143,-3.9356489812643165,3.9356489812643165,231.5811721810005
1000,5.4233165604221245,1.111349157233227,3.359862936793374,3.4212236957434343,-6.708595808605047,6.708595808605047,1090.9773258306639
1000,4.4,1.1,2.7130712126725576,2.6754802849765182,-7.161532855791698,7.161532855791698,1141.7521878612854
1000,6.682198170660779,1.1403963580829817,4.854711544366215,4.294552278340985,-7.627754096285178,7.627754096285178,1035.6887210163504
1000,14.08565791740968,3.218280059458684,4.273981088332576,2.5671809450269176,-7.690009203081944,7.690009203081944,388.5603387365557
