volume,aspiration_rate,dispense_rate,delay_aspirate,delay_dispense,%error,abs-err,oo
1000,11.531319654349904,7.292409706934173,4.168531063111615,3.563414398044143,-3.797806151771054,3.797806151771054,231.5811721810005
1000,5.4233165604221245,1.111349157233227,3.359862936793374,3.4212236957434343,-6.381215558778383,6.381215558778383,1090.9773258306639
1000,5.402619186811696,1.1100832195924062,3.9800098370968198,2.6731339884524727,-6.922404642682096,6.922404642682096,1092.581914411067
1000,4.433409772964166,1.2709105916401127,1.7428947338707763,2.8011186627521294,-7.215064043060965,7.215064043060965,1016.9414454232812
1000,14.08565791740968,3.218280059458684,4.273981088332576,2.5671809450269176,-7.409519696092546,7.409519696092546,388.5603387365557
