volume,aspiration_rate,dispense_rate,delay_aspirate,delay_dispense,%error,abs-err,oo
1000,48.20640207167494,66.0,0.0,6.0,-1.0891624754554783,1.0891624754554783,41.89564781906345
1000,51.52686631594903,27.960315727383886,0.11129134965465573,5.498176732017728,-0.8936685454032519,0.8936685454032519,60.78179471065469
1000,38.25204832260153,19.58657376415171,2.621163976768905,4.509257962731809,-1.4675034476633086,1.4675034476633086,84.32819455424341
1000,51.53615119577898,5.5,0.0,5.640248506759631,-1.037595689059196,1.037595689059196,206.8622852267391
1000,49.52257022892313,5.5,5.765041181445006,3.5809524209935795,-0.038633086199513,0.038633086199513,211.35698842239714
