volume,aspiration_rate,dispense_rate,delay_aspirate,delay_dispense,%error,abs-err,oo
1000,51.68072259883872,65.86941218559173,5.65998785519284,5.976413641139219,0.058672664033128985,0.058672664033128985,46.167529570854214
1000,55.61599206106448,34.19807355462882,0.035512120442463116,5.998689179909163,-2.0206331788831555,2.0206331788831555,53.256054367153496
1000,11.0,35.35792573769352,5.710911721522478,5.836484915736021,-2.114904913502598,2.114904913502598,130.73868960250522
1000,55.17799464090476,5.739155608698103,2.449280596160931,4.611342169130774,-1.245232480460207,1.245232480460207,199.42544951009137
1000,11.0,5.5,6.0,6.0,-2.112924074546355,2.112924074546355,284.72727272727275
