volume,aspiration_rate,dispense_rate,delay_aspirate,delay_dispense,%error,abs-err,oo
1000,20.908331504870667,18.643102063143616,3.070580251597018,2.7856083344200084,-15.631844947047638,15.631844947047638,107.32315467695494
1000,15.225865089431533,19.82949868559014,2.1463735128541312,2.5032596881520264,-15.378380847822948,15.378380847822948,120.75726473222981
1000,13.826360376110168,18.579386832179605,4.314901860928639,2.9467136005955843,-11.898562765101586,11.898562765101586,133.41031868464742
1000,11.056087986978,13.681912293993705,4.099577480538599,5.500192042460534,-15.780431427276037,15.780431427276037,173.1368731352929
1000,4.556701011011145,19.571577861762773,5.719964038625841,4.171327909691159,-15.824759705421142,15.824759705421142,280.4428072456553
