volume,aspiration_rate,dispense_rate,delay_aspirate,delay_dispense,%error,abs-err,oo
1000,11.056087986978,13.681912293993705,4.099577480538599,5.500192042460534,-6.77540102886817,6.77540102886817,173.1368731352929
1000,11.531319654349904,7.292409706934173,4.168531063111615,3.563414398044143,-7.55075766099632,7.55075766099632,231.5811721810005
1000,12.623631389601464,7.03317574211184,5.927971719100005,4.59597570115797,-8.639525583420205,8.639525583420205,231.92373625372474
1000,14.08565791740968,3.218280059458684,4.273981088332576,2.5671809450269176,-8.630120573047197,8.630120573047197,388.5603387365557
1000,7.44389151885574,3.40379191590456,2.90531432598457,2.59757314403351,-7.494698979542514,7.494698979542514,433.6312155444241
