volume,aspiration_rate,dispense_rate,delay_aspirate,delay_dispense,%error,abs-err,oo
1000,13.826360376110168,18.579386832179605,4.314901860928639,2.9467136005955843,-11.335277751013878,11.335277751013878,133.41031868464742
1000,26.4,4.801505588339243,5.31467061284056,1.5531824328836672,-12.894917582820515,12.894917582820515,253.0146480322332
1000,26.4,24.31830625881289,0.13873733849458936,2.8672209918317,-12.894917582820515,12.894917582820515,82.00603111100172
1000,4.4,21.34420590142276,5.547916193762114,0.6940964726388074,-12.894917582820515,12.894917582820515,280.3658621883444
1000,26.266495173908233,16.940103505999026,0.8244467565996748,0.8405009158116066,-12.894917582820515,12.894917582820515,98.76777874859863
