volume,aspiration_rate,dispense_rate,delay_aspirate,delay_dispense,%error,abs-err,oo
1000,13.826360376110168,18.579386832179605,4.314901860928639,2.9467136005955843,-8.675908347092212,8.675908347092212,133.41031868464742
1000,26.326742376750573,2.702333402132796,1.2907845213896865,0.29850104658996524,-9.572458791309526,9.572458791309526,409.62404031316015
1000,6.124804767371538,1.1018486462965167,5.737530747234675,2.7174979991383763,-9.572458791309526,9.572458791309526,1079.291204609377
1000,4.4,24.22968578841639,5.702677760929376,5.953159459794649,-9.572458791309526,9.572458791309526,280.20025116460386
1000,26.4,4.731361266282345,2.765629702678778,5.301095028354695,-9.572458791309526,9.572458791309526,257.30117617464305
