volume,aspiration_rate,dispense_rate,delay_aspirate,delay_dispense,%error,abs-err,oo
1000,26.4,14.472356844404349,3.905851301820282,0.0999347935767779,-12.606292517121927,12.606292517121927,110.98181989972637
1000,13.826360376110168,18.579386832179605,4.314901860928639,2.9467136005955843,-10.348989552202276,10.348989552202276,133.41031868464742
1000,4.611069548949496,24.799404306379145,1.9118981878895758,1.3045839860242525,-12.606292517121927,12.606292517121927,260.40945601477887
1000,4.4,21.265087999289513,3.0224358291841784,5.979329792631644,-12.606292517121927,12.606292517121927,283.29992726064637
1000,4.4,9.294037215142657,5.1959900877198875,0.09677957551286029,-12.606292517121927,12.606292517121927,340.1613647866625
