volume,aspiration_rate,dispense_rate,delay_aspirate,delay_dispense,%error,abs-err,oo
1000,13.826360376110168,18.579386832179605,4.314901860928639,2.9467136005955843,-11.996336952446784,11.996336952446784,133.41031868464742
1000,20.466164337978242,22.8602318525003,2.6480270812583555,2.9474924643175013,-13.335622711007455,13.335622711007455,98.20074190306481
1000,24.232768187861616,26.4,4.844557883276561,2.9085139636828536,-13.335622711025335,13.335622711025335,86.89829665311855
1000,12.492357582339206,23.711404816127544,0.037098778173663007,0.39359694623401603,-13.335622711025646,13.335622711025646,122.65343524591616
1000,22.2468963980565,2.4684583621172775,5.390196060167101,2.676390454129846,-13.335622711025646,13.335622711025646,458.12782437351774
