volume,aspiration_rate,dispense_rate,delay_aspirate,delay_dispense,%error,abs-err,oo
1000,13.826360376110168,18.579386832179605,4.314901860928639,2.9467136005955843,-7.1909061670394205,7.1909061670394205,133.41031868464742
1000,4.678947339162658,11.74656528911333,5.310081475902177,6.0,-8.398744113144952,8.398744113144952,310.1646355969886
1000,25.258716604158074,14.160889005788544,0.013541937259608573,1.7541996234331045,-8.398744113144952,8.398744113144952,111.97507029522777
1000,7.851811440907781,2.6230097900921634,4.829127424774647,1.402991665852456,-8.398744113144952,8.398744113144952,514.832693883042
1000,21.07471108635138,14.820679784064417,1.266801680576351,0.27102278083180487,-8.398744113144952,8.398744113144952,116.46134807350293
