volume,aspiration_rate,dispense_rate,delay_aspirate,delay_dispense,%error,abs-err,oo
1000,13.826360376110168,18.579386832179605,4.314901860928639,2.9467136005955843,-8.758786919200146,8.758786919200146,133.41031868464742
1000,26.072361246514298,18.310498349206924,2.6769347281055786,4.7679818263905505,-10.305059524010991,10.305059524010991,100.41318690742972
1000,17.825559274211614,12.458267990556779,3.8843441443344084,3.689977312773598,-10.305059524010991,10.305059524010991,143.94152259088352
1000,11.668926919282722,6.675520833213065,5.622244184806655,2.211136374546448,-10.305059524010991,10.305059524010991,243.33210904175735
1000,23.303119740158905,19.21310345273434,2.945801275791095,0.4950222303562699,-10.305059524010991,10.305059524010991,98.4013448542049
