volume,aspiration_rate,dispense_rate,delay_aspirate,delay_dispense,%error,abs-err,oo
1000,64.8221249320957,62.57616478078247,5.626224534706941,5.927658448258951,0.31108586838154806,0.31108586838154806,42.961240049884594
1000,65.78766620511253,36.3721316815125,5.981369601282216,4.891183873097267,-0.716630063746269,0.716630063746269,53.566548002248545
1000,34.56590094027542,47.29853372912514,4.314901860928639,2.9467136005955843,-0.6678716626482861,0.6678716626482861,57.334165404783946
1000,27.640219967445,35.58718157259364,4.099577480538599,5.500192042460534,0.012064426610013834,0.012064426610013834,73.87893722915416
1000,31.55907847400366,19.688028948528313,5.927971719100005,4.59597570115797,-0.8170779107628442,0.8170779107628442,93.00283686225447
