volume,aspiration_rate,dispense_rate,delay_aspirate,delay_dispense,%error,abs-err,oo
1000,65.85761289800303,63.52369322418959,5.6482597444499305,5.921366424954603,0.020005060370957173,0.020005060370957173,42.49605733006897
1000,34.56590094027542,47.29853372912514,4.314901860928639,2.9467136005955843,-0.5470388920843006,0.5470388920843006,57.334165404783946
1000,27.640219967445,35.58718157259364,4.099577480538599,5.500192042460534,0.387892838256098,0.387892838256098,73.87893722915416
1000,31.55907847400366,19.688028948528313,5.927971719100005,4.59597570115797,-0.5213382796562853,0.5213382796562853,93.00283686225447
1000,11.579055046252536,43.27425650404034,5.930142116536689,5.299647681033926,-0.4944580855039522,0.4944580855039522,120.70105009445174
