volume,aspiration_rate,dispense_rate,delay_aspirate,delay_dispense,%error,abs-err,oo
1000,4.903584471109779,4.292747480427797,4.019015568693815,2.960788264684566,-1.1949000458830046,1.1949000458830046,443.8632971822076
1000,6.342878039214001,1.205068445626752,5.89037030711684,0.004001612679312317,-4.040379312771764,4.040379312771764,993.3798934803931
1000,7.433807907395861,2.695899242396403,5.958043685534562,5.979285484352487,-4.657983015378426,4.657983015378426,517.3916330272369
1000,8.892168271637887,16.60878401585325,5.582518278262167,2.2660884224946996,-5.966026702803769,5.966026702803769,180.51622107123538
1000,23.553506605626218,1.1093893588496375,5.973944885117202,0.10778432742213664,-6.833304220169463,6.833304220169463,949.935036183516
