volume,aspiration_rate,dispense_rate,delay_aspirate,delay_dispense,%error,abs-err,oo
1000,17.791566941930355,10.168211608112369,4.288091977437061,1.5839990954840886,-9.666895604798537,9.666895604798537,160.42420609101458
1000,26.127816184412275,26.345257516241983,1.2236412364405855,2.7860126671291625,-9.666895604798537,9.666895604798537,80.2405358691724
1000,26.387118132324765,26.183777685755125,4.040231232072694,3.4541402013845945,-9.666895604798537,9.666895604798537,83.58323737573427
1000,26.389736405288772,21.825085313782196,0.32463552231810267,0.7852143204127939,-9.666895604798537,9.666895604798537,84.8222054666315
1000,25.79249764433498,26.37859001145775,4.928751882042608,3.6072900270172523,-9.666895604798537,9.666895604798537,85.21653791894761
