volume,aspiration_rate,dispense_rate,delay_aspirate,delay_dispense,%error,abs-err,oo
1000,26.387626570754257,1.5741602057727653,4.985340233805625,2.511398756316652,-9.710775336043957,9.710775336043957,680.6526455365225
1000,26.39302556353531,25.680645774036513,0.519913644654631,1.3754968667747307,-9.710775336043957,9.710775336043957,78.72403872427687
1000,26.387118132324765,26.183777685755125,4.040231232072694,3.4541402013845945,-9.710775336043957,9.710775336043957,83.58323737573427
1000,26.389736405288772,21.825085313782196,0.32463552231810267,0.7852143204127939,-9.710775336043957,9.710775336043957,84.8222054666315
1000,25.79249764433498,26.37859001145775,4.928751882042608,3.6072900270172523,-9.710775336043957,9.710775336043957,85.21653791894761
