volume,aspiration_rate,dispense_rate,delay_aspirate,delay_dispense,%error,abs-err,oo
1000,25.954587173437908,26.368559382205547,1.0439949943078224,5.901416894798486,-8.46840659356777,8.46840659356777,83.3981993773674
1000,26.023443202114507,26.372777045946876,1.7175313216917814,1.2073748987175366,-8.46840659356777,8.46840659356777,79.26968439168031
1000,26.387118132324765,26.183777685755125,4.040231232072694,3.4541402013845945,-8.46840659356777,8.46840659356777,83.58323737573427
1000,26.17201447879559,26.304458556425747,4.890270310741545,4.246161809890108,-8.46840659356777,8.46840659356777,85.36155260967489
1000,14.243019698250144,26.314331188259235,4.657423932582818,1.0056962380766319,-8.46840659356777,8.46840659356777,113.87505663419603
