volume,aspiration_rate,dispense_rate,delay_aspirate,delay_dispense,%error,abs-err,oo
1000,4.903584471109779,4.292747480427797,4.019015568693815,2.960788264684566,-6.351873818648709,6.351873818648709,443.8632971822076
1000,8.28447125385246,1.6282183538748103,5.862910966634871,0.002308563263476727,-7.7504405878825695,7.7504405878825695,740.7412229608244
1000,25.41579471631804,3.3923651557378984,5.743249710234792,0.06187425261289882,-8.13451320876376,8.13451320876376,339.93032318729695
1000,14.846810006257055,7.310482613946171,2.841862909631924,0.794034669453762,-8.53387992171816,8.53387992171816,207.78030823924712
1000,8.892168271637887,16.60878401585325,5.582518278262167,2.2660884224946996,-8.545204350285216,8.545204350285216,180.51622107123538
