volume,aspiration_rate,dispense_rate,delay_aspirate,delay_dispense,%error,abs-err,oo
1000,4.903584471109779,4.292747480427797,4.019015568693815,2.960788264684566,0.30627219350919077,0.30627219350919077,443.8632971822076
1000,9.486288849999205,1.7317624018573052,5.982252373392331,5.702733115874576,-3.2797398053707116,3.2797398053707116,694.5467075065818
1000,6.342878039214001,1.205068445626752,5.89037030711684,0.004001612679312317,-3.294859657545265,3.294859657545265,993.3798934803931
1000,8.892168271637887,16.60878401585325,5.582518278262167,2.2660884224946996,-5.325774837437145,5.325774837437145,180.51622107123538
1000,4.649722178230156,4.072731086022536,0.049729254406666326,0.28928472675125383,-6.787785116503605,6.787785116503605,460.9411113154049
