volume,aspiration_rate,dispense_rate,delay_aspirate,delay_dispense,%error,abs-err,oo
1000,4.903584471109779,4.292747480427797,4.019015568693815,2.960788264684566,1.0484854842901603,1.0484854842901603,443.8632971822076
1000,5.824527417174386,2.763973703910647,5.94685359219328,5.857358652874932,-2.097524510842762,2.097524510842762,545.289903821391
1000,6.342878039214001,1.205068445626752,5.89037030711684,0.004001612679312317,-2.761922575665933,2.761922575665933,993.3798934803931
1000,8.892168271637887,16.60878401585325,5.582518278262167,2.2660884224946996,-4.976040517543633,4.976040517543633,180.51622107123538
1000,4.841609388015558,1.9964716879602211,0.2662237288131731,0.4169713389316895,-5.879975139725195,5.879975139725195,708.1097229317102
