volume,aspiration_rate,dispense_rate,delay_aspirate,delay_dispense,%error,abs-err,oo
1000,26.387626570754257,1.5741602057727653,4.985340233805625,2.511398756316652,-7.769575552274047,7.769575552274047,680.6526455365225
1000,26.359115180986635,21.392001979916095,1.2611214543684532,5.468935934243604,-8.934294871996341,8.934294871996341,91.41404084256179
1000,26.387118132324765,26.183777685755125,4.040231232072694,3.4541402013845945,-8.934294871996341,8.934294871996341,83.58323737573427
1000,26.30407883060643,26.005035973369484,0.7564621735838308,3.40504646065253,-8.934294871996341,8.934294871996341,80.63251657073732
1000,25.79249764433498,26.37859001145775,4.928751882042608,3.6072900270172523,-8.934294871996341,8.934294871996341,85.21653791894761
