volume,aspiration_rate,dispense_rate,delay_aspirate,delay_dispense,%error,abs-err,oo
1000,17.791566941930355,10.168211608112369,4.288091977437061,1.5839990954840886,-10.363942528940468,10.363942528940468,160.42420609101458
1000,26.4,26.4,0.9742747569051531,3.3805628589541445,-11.05196886460318,11.05196886460318,80.11241337343507
1000,26.015603000892675,26.4,0.9650894612062363,5.125952577168231,-11.05196886460318,11.05196886460318,82.40830085960744
1000,25.803374231495383,26.377043524043476,1.0674242066742332,5.899267183276592,-11.05196886460318,11.05196886460318,83.63306737770397
1000,26.034945555591356,26.36011327796411,1.0437898759209887,3.9657667743384635,-11.05196886460318,11.05196886460318,81.3555739371866
