volume,aspiration_rate,dispense_rate,delay_aspirate,delay_dispense,%error,abs-err,oo
1000,7.8544095090933865,17.986202788438344,0.19364251056166323,3.5129519286406063,-2.034938133827373,2.034938133827373,186.6217850484493
1000,13.926674520206204,8.346226519025734,1.919780591113883,3.7857946565276515,-2.2682093926085516,2.2682093926085516,197.32485093036576
1000,17.859026528367504,2.4288164693776038,0.721117397830095,4.632438077927331,-2.284821924974967,2.284821924974967,473.07081226873134
1000,10.10473667231578,18.87361819983324,5.582518278262167,2.2660884224946996,-4.77143691997345,4.77143691997345,159.79610734677794
1000,16.871375007110288,8.30736660675701,2.841862909631924,0.794034669453762,-4.796529024967783,4.796529024967783,183.28297896002778
