volume,aspiration_rate,dispense_rate,delay_aspirate,delay_dispense,%error,abs-err,oo
1000,7.8544095090933865,17.986202788438344,0.19364251056166323,3.5129519286406063,1.087747809125624,1.087747809125624,186.6217850484493
1000,16.871375007110288,8.30736660675701,2.841862909631924,0.794034669453762,-1.2376672510704183,1.2376672510704183,183.28297896002778
1000,17.859026528367504,2.4288164693776038,0.721117397830095,4.632438077927331,-2.551381998582576,2.551381998582576,473.07081226873134
1000,21.715758623038802,1.7921650273058862,3.253981834221393,0.5887818436518177,-2.6324421713170114,2.6324421713170114,607.8766005357749
1000,15.957256947864765,2.128427133671508,1.5957377666371388,1.1517899216856917,2.6966592700744996,2.6966592700744996,535.2454472846409
