volume,aspiration_rate,dispense_rate,delay_aspirate,delay_dispense,%error,abs-err,oo
1000,6.24827183825623,17.14635829949281,5.537332218852628,3.246969975545812,-0.33820968444465116,0.33820968444465116,227.14997747931835
1000,12.849471739031967,9.106420572603149,2.401116892372391,0.8348066170178878,-0.9666981725941062,0.9666981725941062,190.87276529320144
1000,9.459513772493601,9.64137166591317,5.845742403570212,2.1066258066795482,1.6576885608189382,1.6576885608189382,217.3857286168976
1000,13.926674520206204,8.346226519025734,1.919780591113883,3.7857946565276515,-2.2884586674453695,2.2884586674453695,197.32485093036576
1000,17.859026528367504,2.4288164693776038,0.721117397830095,4.632438077927331,-2.5513819985825745,2.5513819985825745,473.07081226873134
