volume,aspiration_rate,dispense_rate,delay_aspirate,delay_dispense,%error,abs-err,oo
1000,9.459513772493601,9.64137166591317,5.845742403570212,2.1066258066795482,1.305989277729978,1.305989277729978,217.3857286168976
1000,16.871375007110288,8.30736660675701,2.841862909631924,0.794034669453762,-2.5513221233933727,2.5513221233933727,183.28297896002778
1000,17.859026528367504,2.4288164693776038,0.721117397830095,4.632438077927331,-2.5513819985825696,2.5513819985825696,473.07081226873134
1000,7.8544095090933865,17.986202788438344,0.19364251056166323,3.5129519286406063,-3.374553850590403,3.374553850590403,186.6217850484493
1000,8.685452593720745,22.627323875270392,1.1654546167433004,0.29085093168396836,-4.446168741083541,4.446168741083541,160.7857091062612
