volume,aspiration_rate,dispense_rate,delay_aspirate,delay_dispense,%error,abs-err,oo
1000,7.8544095090933865,17.986202788438344,0.19364251056166323,3.5129519286406063,-2.225765008291139,2.225765008291139,186.6217850484493
1000,17.859026528367504,2.4288164693776038,0.721117397830095,4.632438077927331,-2.291394530257182,2.291394530257182,473.07081226873134
1000,16.871375007110288,8.30736660675701,2.841862909631924,0.794034669453762,-4.788363602470708,4.788363602470708,183.28297896002778
1000,10.10473667231578,18.87361819983324,5.582518278262167,2.2660884224946996,-4.8081017151963135,4.8081017151963135,159.79610734677794
1000,5.572255080806567,4.87812213684977,4.019015568693815,2.960788264684566,5.343720807687619,5.343720807687619,391.4372779803481
