volume,aspiration_rate,dispense_rate,delay_aspirate,delay_dispense,%error,abs-err,oo
1000,9.459513772493601,9.64137166591317,5.845742403570212,2.1066258066795482,-0.05681459970236924,0.05681459970236924,217.3857286168976
1000,6.24827183825623,17.14635829949281,5.537332218852628,3.246969975545812,-0.9853256247955007,0.9853256247955007,227.14997747931835
1000,7.8544095090933865,17.986202788438344,0.19364251056166323,3.5129519286406063,-1.9961687333550895,1.9961687333550895,186.6217850484493
1000,13.926674520206204,8.346226519025734,1.919780591113883,3.7857946565276515,-2.2606058153575486,2.2606058153575486,197.32485093036576
1000,17.859026528367504,2.4288164693776038,0.721117397830095,4.632438077927331,-2.2834865996071523,2.2834865996071523,473.07081226873134
