volume,aspiration_rate,dispense_rate,delay_aspirate,delay_dispense,%error,abs-err,oo
1000,12.849471739031967,9.106420572603149,2.401116892372391,0.8348066170178878,-0.26087678440914575,0.26087678440914575,190.87276529320144
1000,6.24827183825623,17.14635829949281,5.537332218852628,3.246969975545812,-1.5419123986661274,1.5419123986661274,227.14997747931835
1000,7.8544095090933865,17.986202788438344,0.19364251056166323,3.5129519286406063,-1.933621485394068,1.933621485394068,186.6217850484493
1000,17.859026528367504,2.4288164693776038,0.721117397830095,4.632438077927331,-2.424931682745395,2.424931682745395,473.07081226873134
1000,9.829484473735082,18.954316200904035,1.0540191680918685,1.2473016351328585,-2.8343787557760125,2.8343787557760125,156.7944878680846
