volume,aspiration_rate,dispense_rate,delay_aspirate,delay_dispense,%error,abs-err,oo
1000,17.859026528367504,2.4288164693776038,0.721117397830095,4.632438077927331,1.5453301219644136,1.5453301219644136,473.07081226873134
1000,16.871375007110288,8.30736660675701,2.841862909631924,0.794034669453762,-4.016213696080509,4.016213696080509,183.28297896002778
1000,5.572255080806567,4.87812213684977,4.019015568693815,2.960788264684566,5.360713540515805,5.360713540515805,391.4372779803481
1000,20.217689706739037,11.554785918309511,4.288091977437061,1.5839990954840886,-9.098368472729264,9.098368472729264,141.87795228884335
1000,7.8544095090933865,17.986202788438344,0.19364251056166323,3.5129519286406063,-9.356347221715183,9.356347221715183,186.6217850484493
