volume,aspiration_rate,dispense_rate,delay_aspirate,delay_dispense,%error,abs-err,oo
1000,41.6376244821613,64.6846445855841,5.6393449861217695,5.87140484107179,-0.4257626832909793,0.4257626832909793,50.98710940496095
1000,65.45317791841646,10.701371934123136,5.694355805165988,5.903290497527664,-1.260274843661965,1.260274843661965,120.32170574194103
1000,65.7623487715482,62.96881519371338,5.922871075025075,5.909830669001992,-1.2686993814492784,1.2686993814492784,42.91984812699522
1000,31.55907847400366,19.688028948528313,5.927971719100005,4.59597570115797,-1.5401346608904274,1.5401346608904274,93.00283686225447
1000,38.25204832260153,19.58657376415171,2.621163976768905,4.509257962731809,-1.5704181083866744,1.5704181083866744,84.32819455424341
