volume,aspiration_rate,dispense_rate,delay_aspirate,delay_dispense,%error,abs-err,oo
1000,52.27082876217667,47.45089623795213,3.070580251597018,2.7856083344200084,-0.4699520116246678,0.4699520116246678,46.06173573919922
1000,48.17359497267795,54.248145023562785,1.5354389843814666,1.8962790890392558,-1.5934406488563773,1.5934406488563773,42.62378790747876
1000,42.32634997395527,54.06051695158302,1.1380266685574658,4.830631337905334,-1.6211423755061312,1.6211423755061312,48.092390953552936
1000,53.68193314329054,39.92496219226933,1.3926273404671656,4.537077891415967,-1.6917525030556497,1.6917525030556497,49.60493323100176
1000,38.064662723578834,50.28793163945468,2.1463735128541312,2.5032596881520264,-1.7144715955247956,1.7144715955247956,50.806205249927686
