volume,aspiration_rate,dispense_rate,delay_aspirate,delay_dispense,%error,abs-err,oo
1000,27.640219967445,35.58718157259364,4.099577480538599,5.500192042460534,0.06157917540638991,0.06157917540638991,73.87893722915416
1000,11.276092025936935,5.549558537747709,5.9052125621213225,5.852144830968678,-0.15232349036448967,0.15232349036448967,280.63507744854456
1000,11.052878311288191,60.80099430884725,5.925226639744743,5.563931676207587,-0.7642025029816374,0.7642025029816374,118.41042854990464
1000,31.55907847400366,19.688028948528313,5.927971719100005,4.59597570115797,0.9655432190009827,0.9655432190009827,93.00283686225447
1000,28.82829913587476,20.307936255712157,4.168531063111615,3.563414398044143,-1.3051379991943426,1.3051379991943426,91.66191553181346
