volume,aspiration_rate,dispense_rate,delay_aspirate,delay_dispense,%error,abs-err,oo
1000,65.42075620927196,63.96224253954328,0.8734332280446004,0.03202091521471329,-11.73643676696144,11.73643676696144,31.82534633044242
1000,65.64698300792645,65.36564962316146,1.723944418232176,0.6662499650925902,-11.846441828261884,11.846441828261884,32.9217421024175
1000,65.17362480474239,65.78809510942787,0.09459847310933836,4.4024145587189665,-11.441250050346422,11.441250050346422,35.04096177821444
1000,66.0,66.0,0.0,6.0,-11.799838267416776,11.799838267416776,36.303030303030305
1000,65.24196746604741,64.90879728770459,0.40495541737523155,5.91396912701762,-11.139591924581561,11.139591924581561,37.05271408191092
