liquid,test volume,mean,standard deviation,%cv,%d
Viscosity_std_1275,1000,983.8457333120784,6.352250685944542,0.6456551541429099,1.6154266687921564
Viscosity_std_1275,500,475.7438270037731,2.954490253248216,0.6210254522597902,4.851234599245379
Viscosity_std_1275,300,282.0106687923939,2.7192409459768117,0.9642333595466273,5.996443735868695
