liquid,test volume,mean,standard deviation,%cv,%d
Viscosity_std_1275,1000,983.8457333,6.352250686,0.645655154,1.615426669
Viscosity_std_1275,500,475.743827,2.954490253,0.621025452,4.851234599
Viscosity_std_1275,300,282.0106688,2.719240946,0.96423336,5.996443736
