volume,aspiration_rate,dispense_rate,delay_aspirate,delay_dispense,%error,abs-err,oo
1000,11.531319654349904,7.292409706934173,4.168531063111615,3.563414398044143,-3.9297714911112878,3.9297714911112878,231.5811721810005
1000,14.08565791740968,3.218280059458684,4.273981088332576,2.5671809450269176,-7.26168086416118,7.26168086416118,388.5603387365557
1000,12.623631389601464,7.03317574211184,5.927971719100005,4.59597570115797,-7.3038229666909125,7.3038229666909125,231.92373625372474
1000,15.300819329040612,6.99074902864526,2.621163976768905,4.509257962731809,-7.359618027211879,7.359618027211879,215.53258721795999
1000,4.4,1.1,0.0,3.007343959746425,-7.54388721843949,7.54388721843949,1139.3709803233826
