volume,aspiration_rate,dispense_rate,delay_aspirate,delay_dispense,%error,abs-err,oo
1000,11.531319654349904,7.292409706934173,4.168531063111615,3.563414398044143,-8.284121728671645,8.284121728671645,231.5811721810005
1000,14.08565791740968,3.218280059458684,4.273981088332576,2.5671809450269176,-8.75842060628411,8.75842060628411,388.5603387365557
1000,5.015603010944878,5.499834860788532,0.9244934510810805,0.4625188847896998,-8.906257677429995,8.906257677429995,382.5884746003898
1000,16.050574576487936,1.1,0.3535071923762358,4.698503115265043,-9.162356909117397,9.162356909117397,976.4459849514105
1000,12.623631389601464,7.03317574211184,5.927971719100005,4.59597570115797,-9.164765378593776,9.164765378593776,231.92373625372474
