volume,aspiration_rate,dispense_rate,delay_aspirate,delay_dispense,%error,abs-err,oo
1000,11.531319654349904,7.292409706934173,4.168531063111615,3.563414398044143,-5.542823312232378,5.542823312232378,231.5811721810005
1000,21.220068235908315,6.8453594086303795,4.812635713990438,3.6013990524595063,-8.39954785055593,8.39954785055593,201.6236042389842
1000,5.936858100990579,12.576199581543719,3.144052721880708,2.7191166046561976,-8.51765984672671,8.51765984672671,253.8177093400993
1000,12.619876878307803,8.677889578236117,2.884836854021801,2.989716391663762,-8.768772746340979,8.768772746340979,200.35002017310492
1000,14.08565791740968,3.218280059458684,4.273981088332576,2.5671809450269176,-8.871048432608518,8.871048432608518,388.5603387365557
