volume,aspiration_rate,dispense_rate,delay_aspirate,delay_dispense,%error,abs-err,oo
1000,34.56590094027542,47.29853372912514,4.314901860928639,2.9467136005955843,-5.209294201265327,5.209294201265327,57.334165404783946
1000,38.223888805429795,28.09733115323195,3.1297708339030503,5.981659391036973,-10.061116237361624,10.061116237361624,70.86364909889876
1000,15.312011918428844,5.504420675926453,5.737530747234675,2.7174979991383763,-10.061116237361624,10.061116237361624,255.435394012238
1000,11.0,5.5,6.0,0.0,-10.061116237361624,10.061116237361624,278.72727272727275
1000,11.0,5.5,6.0,6.0,-10.061116237361624,10.061116237361624,284.72727272727275
