volume,aspiration_rate,dispense_rate,delay_aspirate,delay_dispense,%error,abs-err,oo
1000,52.27082876217667,47.45089623795213,3.070580251597018,2.7856083344200084,-2.4591653151504658,2.4591653151504658,46.06173573919922
1000,34.56590094027542,47.29853372912514,4.314901860928639,2.9467136005955843,-0.846456702300018,0.846456702300018,57.334165404783946
1000,27.640219967445,35.58718157259364,4.099577480538599,5.500192042460534,-2.4601741983205616,2.4601741983205616,73.87893722915416
1000,11.333639147635765,53.29787937408074,5.952565085442347,4.630116407921028,-2.7102470241053687,2.7102470241053687,117.5780673418949
1000,11.03592561945202,40.2593278672394,4.495800369317646,3.8014715930012075,-2.152871371096343,2.152871371096343,123.7493875637472
