liquid,pipette,volume,aspiration_rate,dispense_rate,blow_out,delay_aspirate,delay_dispense,delay_blow_out,density,time,m,%error,Transfer_Observation,Comment,iteration,time_asp_1000,acq_value
Viscosity_std_1275,rLine1000,1000,3.867114970935985,4.755213441593282,False,10,10,0,0.8736,532.4345171451569,0.8511150536580194,-2.573826275409869,Incomplete Dispense,Blowout before,25.0,488.8862109111585,15.85645721896976
Viscosity_std_1275,rLine1000,500,3.867114970935985,4.755213441593282,False,10,10,0,0.8736,297.805921792984,0.4278816241918087,-2.0417527033405047,Incomplete Dispense,Blowout before,25.0,488.8862109111585,15.85645721896976
Viscosity_std_1275,rLine1000,300,3.867114970935985,4.755213441593282,False,10,10,0,0.8736,204.1355242729187,0.2501282465818691,-4.560345473951035,Incomplete Dispense,Blowout before,25.0,488.8862109111585,15.85645721896976
Viscosity_std_1275,rLine1000,"mean[300, 500, 1000]",3.867114970935985,4.755213441593282,False,10,10,0,0.8736,532.4345171451569,0.8511150536580194,-3.058641484233803,Incomplete Dispense,Blowout before,25.0,488.8862109111585,15.85645721896976
