liquid,pipette,volume,aspiration_rate,dispense_rate,blow_out,delay_aspirate,delay_dispense,delay_blow_out,density,time,m,%error,Transfer_Observation,Comment,iteration,time_asp_1000,acq_value
Viscosity_std_204,rLine1000,1000,102.93901302036107,15.379468762409244,False,10.0,10.0,0.0,0.8639,139.69989609718323,0.8467437106558894,-1.9859114879164972,Complete Transfer,Blowout before,10.0,94.73624163308,27.885801077858964
Viscosity_std_204,rLine1000,500,102.93901302036107,15.379468762409244,False,10.0,10.0,0.0,0.8639,100.62232542037964,0.4278524819051278,-0.9486093517472236,Complete Transfer,Blowout before,10.0,94.73624163308,27.885801077858964
Viscosity_std_204,rLine1000,300,102.93901302036107,15.379468762409244,False,10.0,10.0,0.0,0.8639,85.84745454788208,0.2536544632702539,-2.1281540030659736,Complete Transfer,Blowout before,10.0,94.73624163308,27.885801077858964
Viscosity_std_204,rLine1000,"mean[300, 500, 1000]",102.93901302036107,15.379468762409244,False,10.0,10.0,0.0,0.8639,139.69989609718323,0.8467437106558894,-1.687558280909898,Complete Transfer,Blowout before,10.0,94.73624163308,27.885801077858964
