liquid,pipette,volume,aspiration_rate,dispense_rate,blow_out,delay_aspirate,delay_dispense,delay_blow_out,density,time,m,%error,Transfer_Observation,Comment,iteration,time_asp_1000,acq_value
Viscosity_std_505,rLine1000,1000,43.18305114641713,7.278615748025424,False,10.0,10.0,0.0,0.8683,225.58720064163208,0.8542478494762125,-1.6183520124136244,Complete Transfer,Blowout before,10.0,180.54599461168692,14.480754311749239
Viscosity_std_505,rLine1000,500,43.18305114641713,7.278615748025424,False,10.0,10.0,0.0,0.8683,143.6707842350006,0.4264245098577654,-1.779451835134069,Complete Transfer,Blowout before,10.0,180.54599461168692,14.480754311749239
Viscosity_std_505,rLine1000,300,43.18305114641713,7.278615748025424,False,10.0,10.0,0.0,0.8683,111.58986401557922,0.2553447158977441,-1.97523286969016,Complete Transfer,Blowout before,10.0,180.54599461168692,14.480754311749239
Viscosity_std_505,rLine1000,"mean[300, 500, 1000]",43.18305114641713,7.278615748025424,False,10.0,10.0,0.0,0.8683,225.58720064163208,0.8542478494762125,-1.7910122390792844,Complete Transfer,Blowout before,10.0,180.54599461168692,14.480754311749239
