liquid,pipette,volume,aspiration_rate,dispense_rate,blow_out,delay_aspirate,delay_dispense,delay_blow_out,density,time,m,%error,Transfer_Observation,Comment,iteration,time_asp_1000,acq_value
Viscosity_std_817,rLine1000,1000,16.43838483330026,7.963184492005819,False,10.0,10.0,0.0,0.8466,249.83370566368103,0.841745808490121,-0.5733748535174793,Complete Transfer,Blowout before,9.0,206.41112901948085,21.75652258952433
Viscosity_std_817,rLine1000,500,16.43838483330026,7.963184492005819,False,10.0,10.0,0.0,0.8466,156.81591606140137,0.4146364548953553,-2.046667872583197,Complete Transfer,Blowout before,9.0,206.41112901948085,21.75652258952433
Viscosity_std_817,rLine1000,300,16.43838483330026,7.963184492005819,False,10.0,10.0,0.0,0.8466,119.42531681060792,0.245917186156484,-3.1745861262760777,Complete Transfer,Blowout before,9.0,206.41112901948085,21.75652258952433
Viscosity_std_817,rLine1000,"mean[300, 500, 1000]",16.43838483330026,7.963184492005819,False,10.0,10.0,0.0,0.8466,249.83370566368103,0.841745808490121,-1.9315429507922512,Complete Transfer,Blowout before,9.0,206.41112901948085,21.75652258952433
