volume,aspiration_rate,dispense_rate,delay_aspirate,delay_dispense,%error,abs-err,oo
1000,34.56590094027542,47.29853372912514,4.314901860928639,2.9467136005955843,-5.581180812404642,5.581180812404642,57.334165404783946
1000,30.251771567095712,22.421880909328216,0.9029285847190356,1.8932565293419208,-10.309040591605164,10.309040591605164,80.45139184210251
1000,13.984014651918452,66.0,3.0540987675088047,0.40480388346821206,-10.309040591605164,10.309040591605164,90.12064035956102
1000,21.01842332831659,16.70630494485714,0.0,5.481903510077872,-10.309040591605164,10.309040591605164,112.9168522636763
1000,11.0,36.54528723430302,2.570719470629087,2.748897941154392,-10.309040591605164,10.309040591605164,123.59201767424447
