volume,aspiration_rate,dispense_rate,delay_aspirate,delay_dispense,%error,abs-err,oo
1000,57.591680331578374,50.00592690943162,0.0,5.417063707815576,-5.268186610780171,5.268186610780171,42.77831231450483
1000,34.56590094027542,47.29853372912514,4.314901860928639,2.9467136005955843,-1.359732645634283,1.359732645634283,57.334165404783946
1000,28.681910457444165,49.280225569755515,3.255388202488495,2.8626254174724948,-5.268186610355699,5.268186610355699,61.275309545477235
1000,25.21625879532665,46.82508940498642,5.417289483825339,2.472120400687447,-5.268186610768431,5.268186610768431,68.90243569708998
1000,52.13154586324952,5.5,5.1974351454521726,5.303337708522122,-5.268186610780176,5.268186610780176,211.50119804209533
