volume,aspiration_rate,dispense_rate,delay_aspirate,delay_dispense,%error,abs-err,oo
1000,63.70868486662776,56.990949009299754,5.899983153496446,2.742920994214699,-5.348247232712175,5.348247232712175,41.88599708807246
1000,34.56590094027542,47.29853372912514,4.314901860928639,2.9467136005955843,-1.202184405251094,1.202184405251094,57.334165404783946
1000,54.01274051668075,29.74991104822375,5.552249428293749,6.0,-5.348247232712175,5.348247232712175,63.679945683432024
1000,12.110635049614288,43.7068727230628,0.028406476087298543,4.806764418540267,-5.348247232712175,5.348247232712175,110.28692085428233
1000,35.251959916164544,11.090210381833435,5.694572023943968,0.3280978094730302,-5.348247232712175,5.348247232712175,124.55950189340847
