volume,aspiration_rate,dispense_rate,delay_aspirate,delay_dispense,%error,abs-err,oo
1000,34.56590094027542,47.29853372912514,4.314901860928639,2.9467136005955843,-1.9033733984771093,1.9033733984771093,57.334165404783946
1000,22.236708233679376,16.62666202206364,4.491584965077557,5.523007496024087,-6.720479705276747,6.720479705276747,115.12964063008613
1000,11.0,39.01255801812666,0.0,2.6544360645309446,-6.720479705276747,6.720479705276747,119.19629885018948
1000,56.18474201325842,5.5,5.191434443588966,1.747273883240824,-6.720479705276747,6.720479705276747,206.55531662464236
1000,11.0,5.5,0.0,2.996194698030333,-6.720479705276747,6.720479705276747,275.72346742530306
