volume,aspiration_rate,dispense_rate,delay_aspirate,delay_dispense,%error,abs-err,oo
1000,66.0,41.740558457538896,0.0,2.971004927710146,-5.60424354303505,5.60424354303505,42.08003375306037
1000,34.56590094027542,47.29853372912514,4.314901860928639,2.9467136005955843,-1.526594418209525,1.526594418209525,57.334165404783946
1000,66.0,16.830486406559228,0.0,0.4288735570541086,-5.60424354303505,5.60424354303505,74.99637799395776
1000,11.0,14.109124767979818,5.330840745824016,2.266062858271371,-5.60424354303505,5.60424354303505,169.38211308501056
1000,66.0,5.5,0.9643223846181628,0.1511500660690411,-5.60424354303505,5.60424354303505,198.08516942038418
