volume,aspiration_rate,dispense_rate,delay_aspirate,delay_dispense,%error,abs-err,oo
1000,34.56590094027542,47.29853372912514,4.314901860928639,2.9467136005955843,-1.5949488116862822,1.5949488116862822,57.334165404783946
1000,30.17678052764092,41.75739809350066,0.0,3.7142881080048555,-5.9296842971094685,5.9296842971094685,60.800201562554896
1000,21.620588807372872,12.66937597739497,4.250590302086035,1.8551693235708888,-5.9296842971094685,5.9296842971094685,131.28845473185686
1000,66.0,5.5,0.9751757971660079,6.0,-5.9296842971094685,5.9296842971094685,203.94487276686297
1000,66.0,5.5,6.0,4.7733442753264415,-5.9296842971094685,5.9296842971094685,207.74304124502342
