volume,aspiration_rate,dispense_rate,delay_aspirate,delay_dispense,%error,abs-err,oo
1000,8.416214239537913,6.726484299236612,3.9906303740469458,1.6064646319481222,-0.23224557068436624,0.23224557068436624,273.08143524609517
1000,6.911880368002181,15.827858453825742,0.19364251056166323,3.5129519286406063,1.0750016676349299,1.0750016676349299,211.56476558607392
1000,5.498479217665482,15.088795303553672,5.537332218852628,3.246969975545812,-1.1188316972061143,1.1188316972061143,256.92711501817104
1000,12.179422100818549,13.308993863392542,0.33787036887120225,0.1993722313546729,-2.960094289580562,2.960094289580562,157.7801043719758
1000,4.903584471109779,4.292747480427797,4.019015568693815,2.960788264684566,3.811656948807805,3.811656948807805,443.8632971822076
