volume,aspiration_rate,dispense_rate,delay_aspirate,delay_dispense,%error,abs-err,oo
1000,8.324372119794369,8.484407066003591,5.845742403570212,2.1066258066795482,-1.1002762484091901,1.1002762484091901,245.9448232178041
1000,11.307535130348132,8.01365010389077,2.401116892372391,0.8348066170178878,-3.851586588725607,3.851586588725607,216.45960735463024
1000,4.903584471109779,4.292747480427797,4.019015568693815,2.960788264684566,4.112405911348308,4.112405911348308,443.8632971822076
1000,12.255473577781459,7.3446793367426455,1.919780591113883,3.7857946565276515,-5.221264768279012,5.221264768279012,223.45475215982813
1000,15.715943344963403,2.1373584930522913,0.721117397830095,4.632438077927331,-5.483058608058611,5.483058608058611,536.850438195046
