volume,aspiration_rate,dispense_rate,delay_aspirate,delay_dispense,%error,abs-err,oo
1000,14.042386114120994,1.8730158776309271,1.5957377666371388,1.1517899216856917,1.455774208848048,1.455774208848048,607.8587999568662
1000,4.903584471109779,4.292747480427797,4.019015568693815,2.960788264684566,3.298257492690035,3.298257492690035,443.8632971822076
1000,14.846810006257055,7.310482613946171,2.841862909631924,0.794034669453762,-3.4539657413346054,3.4539657413346054,207.78030823924712
1000,15.715943344963403,2.1373584930522913,0.721117397830095,4.632438077927331,-5.483058608058612,5.483058608058612,536.850438195046
1000,8.64994633688687,16.67979825679555,1.0540191680918685,1.2473016351328585,-5.891052557476947,5.891052557476947,177.8617379223837
