volume,aspiration_rate,dispense_rate,delay_aspirate,delay_dispense,%error,abs-err,oo
1000,4.903584471109779,4.292747480427797,4.019015568693815,2.960788264684566,2.4637719937455445,2.4637719937455445,443.8632971822076
1000,8.324372119794369,8.484407066003591,5.845742403570212,2.1066258066795482,-2.7461796421837765,2.7461796421837765,245.9448232178041
1000,5.498479217665482,15.088795303553672,5.537332218852628,3.246969975545812,-4.2784169973254125,4.2784169973254125,256.92711501817104
1000,11.307535130348132,8.01365010389077,2.401116892372391,0.8348066170178878,-4.281454415473001,4.281454415473001,216.45960735463024
1000,6.911880368002181,15.827858453825742,0.19364251056166323,3.5129519286406063,-5.322867021177268,5.322867021177268,211.56476558607392
