volume,aspiration_rate,dispense_rate,delay_aspirate,delay_dispense,%error,abs-err,oo
1000,4.903584471109779,4.292747480427797,4.019015568693815,2.960788264684566,3.2574667831522586,3.2574667831522586,443.8632971822076
1000,15.715943344963403,2.1373584930522913,0.721117397830095,4.632438077927331,-5.2834907095390164,5.2834907095390164,536.850438195046
1000,6.911880368002181,15.827858453825742,0.19364251056166323,3.5129519286406063,-5.978691263442444,5.978691263442444,211.56476558607392
1000,14.846810006257055,7.310482613946171,2.841862909631924,0.794034669453762,-7.110135990902492,7.110135990902492,207.78030823924712
1000,9.567308822908693,14.317814057610693,5.399862816806649,5.640669738202975,-7.429957292319845,7.429957292319845,185.40619701950158
