volume,aspiration_rate,dispense_rate,delay_aspirate,delay_dispense,%error,abs-err,oo
1000,15.715943344963403,2.1373584930522913,0.721117397830095,4.632438077927331,-1.1982409010287611,1.1982409010287611,536.850438195046
1000,4.903584471109779,4.292747480427797,4.019015568693815,2.960788264684566,2.813827731793314,2.813827731793314,443.8632971822076
1000,25.987561166142704,1.535958343147058,3.663267575899865,3.674747635786499,-6.794528769921262,6.794528769921262,696.877286743833
1000,14.846810006257055,7.310482613946171,2.841862909631924,0.794034669453762,-7.046485508359833,7.046485508359833,207.78030823924712
1000,17.791566941930355,10.168211608112369,4.288091977437061,1.5839990954840886,-12.39062829290884,12.39062829290884,160.42420609101458
