volume,aspiration_rate,dispense_rate,delay_aspirate,delay_dispense,%error,abs-err,oo
1000,27.640219967445,35.58718157259364,4.099577480538599,5.500192042460534,0.06381677289897492,0.06381677289897492,73.87893722915416
1000,11.276092025936935,5.549558537747709,5.9052125621213225,5.852144830968678,-0.07819339144196524,0.07819339144196524,280.63507744854456
1000,11.414275411963079,60.566930042618345,5.7026717995660645,5.953152320289766,-0.6175138044869691,0.6175138044869691,115.77607526319778
1000,31.55907847400366,19.688028948528313,5.927971719100005,4.59597570115797,0.983708842658735,0.983708842658735,93.00283686225447
1000,28.82829913587476,20.307936255712157,4.168531063111615,3.563414398044143,-1.7599942460540752,1.7599942460540752,91.66191553181346
