volume,aspiration_rate,dispense_rate,delay_aspirate,delay_dispense,%error,abs-err,oo
1000,13.826360376110168,18.579386832179605,4.314901860928639,2.9467136005955843,-6.729049839873215,6.729049839873215,133.41031868464742
1000,18.227959760943435,1.1,4.250570881064153,0.9266199904003394,-7.640796703377292,7.640796703377292,969.1288750087763
1000,22.3699088179399,17.049951139247092,1.6618932657251428,1.3058329496533134,-7.640796703377292,7.640796703377292,106.32182976629512
1000,23.286838468864445,3.493583350277481,5.651996514185646,5.905607337286083,-7.640796703377292,7.640796703377292,340.7393718787976
1000,21.434434459988566,26.4,1.0693193639666787,2.4225180286355137,-7.640796703377292,7.640796703377292,88.02452705110296
