volume,aspiration_rate,dispense_rate,delay_aspirate,delay_dispense,%error,abs-err,oo
1000,13.826360376110168,18.579386832179605,4.314901860928639,2.9467136005955843,-7.504313710180627,7.504313710180627,133.41031868464742
1000,22.09964717041919,6.5188102986617285,0.17883184057653323,5.688108000242319,-8.83699633713065,8.83699633713065,204.518755395808
1000,5.607926473941798,1.440738086204295,4.7418569410207345,1.5778818103522667,-8.83699633713065,8.83699633713065,878.7274495644151
1000,8.72377976355174,9.906607041215224,1.5018738577401962,2.7426363867972907,-8.83699633713065,8.83699633713065,219.8164563095817
1000,13.150068314966639,1.2071768984494908,2.11631633035773,0.6344001278307488,-8.83699633713065,8.83699633713065,907.1749554350831
