volume,aspiration_rate,dispense_rate,delay_aspirate,delay_dispense,%error,abs-err,oo
1000,34.56590094027542,47.29853372912514,4.314901860928639,2.9467136005955843,-0.3862925692695973,0.3862925692695973,57.334165404783946
1000,61.03774701476065,24.68085675955826,0.03440109731704078,5.922109683318451,-0.592369670930124,0.592369670930124,62.857047385972095
1000,11.197343719448755,48.82131542164571,0.9037208577616518,5.981959130487976,1.1279536474027967,1.1279536474027967,116.67543154582512
1000,66.0,5.5,0.0,6.0,0.25459116971255535,0.25459116971255535,202.96969696969697
1000,11.0,5.5,0.0,0.0,-0.9092577212548266,0.9092577212548266,272.72727272727275
