volume,aspiration_rate,dispense_rate,delay_aspirate,delay_dispense,%error,abs-err,oo
1000,66.0,66.0,0.0,0.0,-13.733856089760145,13.733856089760145,30.303030303030305
1000,66.0,66.0,0.0,0.0,-13.733856089760145,13.733856089760145,30.303030303030305
1000,66.0,66.0,0.0,6.0,-13.733856089760145,13.733856089760145,36.303030303030305
1000,64.58250454889343,66.0,5.448195204268739,4.362221922104355,-13.733856089760145,13.733856089760145,40.44600194946518
1000,34.56590094027542,47.29853372912514,4.314901860928639,2.9467136005955843,-13.733856089760145,13.733856089760145,57.334165404783946
