volume,aspiration_rate,dispense_rate,delay_aspirate,delay_dispense,%error,abs-err,oo
1000,66.0,66.0,0.0,6.0,-12.55544102949427,12.55544102949427,36.303030303030305
1000,65.47118917499321,64.94069251491705,0.10862900691095459,5.921237596604886,-12.470790288249018,12.470790288249018,36.702426028679994
1000,65.24196746604741,64.90879728770459,0.40495541737523155,5.91396912701762,-12.10189412881562,12.10189412881562,37.05271408191092
1000,65.61258777680182,65.92277077117436,1.3636077200761565,5.331102971749595,-12.085885726371815,12.085885726371815,37.10495390080075
1000,59.729498587612824,65.6937817000272,0.3024828365097144,5.846761027132663,-12.517353274345874,12.517353274345874,38.11353098070439
