volume,aspiration_rate,dispense_rate,delay_aspirate,delay_dispense,%error,abs-err,oo
1000,66.0,66.0,0.0,6.0,-6.600978963362313,6.600978963362313,36.303030303030305
1000,66.0,66.0,3.8998605344388717,3.0777985606447684,-9.192218468539215,9.192218468539215,37.28068939811394
1000,66.0,66.0,6.0,6.0,-9.91015585191681,9.91015585191681,42.303030303030305
1000,54.1331646349605,65.28327661165174,3.4023816959500595,5.94634716157482,-9.992322378983753,9.992322378983753,43.13955142841764
1000,66.0,49.93619352699087,3.528380364456991,6.0,-10.06732178881871,10.06732178881871,44.70545071692059
