volume,aspiration_rate,dispense_rate,delay_aspirate,delay_dispense,%error,abs-err,oo
1000,66.0,66.0,4.251173320632206,0.0,-9.330985777643352,9.330985777643352,34.55420362366251
1000,66.0,66.0,0.0,6.0,-6.6047761849374425,6.6047761849374425,36.303030303030305
1000,66.0,66.0,6.0,0.0,-9.86522017601788,9.86522017601788,36.303030303030305
1000,66.0,66.0,3.705969652766723,6.0,-8.41511663397534,8.41511663397534,40.00899995579703
1000,63.42929217235423,63.72232736677783,5.792247485758949,5.4580741175851735,-9.79563568512928,9.79563568512928,42.70899479652651
