volume,aspiration_rate,dispense_rate,delay_aspirate,delay_dispense,%error,abs-err,oo
1000,34.56590094027542,47.29853372912514,4.314901860928639,2.9467136005955843,-2.3027154651203885,2.3027154651203885,57.334165404783946
1000,59.13353957113392,28.349147608656466,1.1807479537348726,4.50107491544516,-7.660670357503075,7.660670357503075,57.86712882087381
1000,57.199535116274276,53.53037381901593,1.1193734475307888,5.188545746667863,-7.660670357503075,7.660670357503075,42.47156170261194
1000,11.0,31.40636049056897,4.631995791386984,2.2761500433884434,-7.660670357503075,7.660670357503075,129.6579207448123
1000,58.84842845276857,56.8786831026075,2.5635530660005332,0.3165387319077046,-7.660670357503075,7.660670357503075,37.454178076263915
