volume,aspiration_rate,dispense_rate,delay_aspirate,delay_dispense,%error,abs-err,oo
1000,34.56590094027542,47.29853372912514,4.314901860928639,2.9467136005955843,-1.7811614649155603,1.7811614649155603,57.334165404783946
1000,61.15050821980171,47.0801165835088,2.6794902408415204,0.11558698746254475,-6.097209410193726,6.097209410193726,40.388560283971124
1000,19.37882965457596,54.40678282736495,1.162029367409341,0.8990436316591469,-6.097209410193726,6.097209410193726,72.04383769123348
1000,19.41935874259076,66.0,0.0,2.801822225836383,-6.097209410193726,6.097209410193726,69.44834363658443
1000,47.42766346224113,16.906961488782663,0.0,5.529561442450027,-6.097209410193726,6.097209410193726,85.76153599730925
