volume,aspiration_rate,dispense_rate,delay_aspirate,delay_dispense,%error,abs-err,oo
1000,34.56590094027542,47.29853372912514,4.314901860928639,2.9467136005955843,-1.9583129901438996,1.9583129901438996,57.334165404783946
1000,59.133536953950134,28.351477609408843,1.1810663449606849,4.501074607414272,-6.763969426093832,6.763969426093832,57.86454870497495
1000,57.19953348769743,53.523623019157064,1.1196291160348952,5.188545614796404,-6.763969426093832,6.763969426093832,42.474173922368564
1000,11.0,31.40636845278434,4.6319953074853135,2.2793736094407873,-6.763969426093832,6.763969426093832,129.6611357546389
1000,58.84842659812757,56.881082086703316,2.5635720412304335,0.3165387786205245,-6.763969426093832,6.763969426093832,37.45345613574029
