volume,aspiration_rate,dispense_rate,delay_aspirate,delay_dispense,%error,abs-err,oo
1000,34.56590094027542,47.29853372912514,4.314901860928639,2.9467136005955843,-4.377075716609576,4.377075716609576,57.334165404783946
1000,34.028896790829904,28.70670034171981,1.132011897525824,5.6042542279283944,-10.767412362822878,10.767412362822878,70.95812776525099
1000,38.268691398392754,53.02696300859342,5.793876328988883,0.9082360151321441,-10.767412362822878,10.767412362822878,51.69146452041265
1000,57.62314311252941,50.42956836372216,3.341643438987962,0.17315036711238008,-10.767412362822878,10.767412362822878,40.69856850690724
1000,18.63496528662671,60.16184345710712,1.1598559974134963,4.047809441988369,-10.767412362822878,10.767412362822878,75.49205959923809
