,lin,gpr,poly,SVR_linear,SVR_rbf,SVR_sigmoid,SVR_poly,SGD_l2-l1,SGD_elasticnet,KNR,DTR,KR_most,KR_polynomial,KR_sigmoid,PLSR,RFR
overall_test_score,2.568365738691744,2.8288606552188384,19.250136023105274,2.446242758951582,2.6838460046369828,2.727818173156185,2.3750622750971098,2.568441789184804,2.568441789184804,3.020221633007555,2.92456862361935,2.693812714196461,2.4996802416937265,3.332640040051704,2.736351020581191,2.7350820746963866
overall_std_test_score,2.7233414678641594,3.2377888838226028,52.38274249628089,2.858089955526898,3.3365210993700263,3.0571006713275186,2.7575339883520322,2.863385360915593,2.863385360915593,3.2028256718735855,3.064484316019875,3.194590011463632,2.7489226378058516,3.7508553312641126,2.8952314724417563,2.8271118478815587
params,{},"{'alpha': 0.4, 'n_restarts_optimizer': 0}",{},"{'C': 11, 'epsilon': 0.4}","{'C': 21, 'epsilon': 0.30000000000000004, 'gamma': 'auto'}","{'C': 11, 'coef0': 0, 'epsilon': 0.5, 'gamma': 'auto'}","{'C': 11, 'coef0': 11, 'degree': 1, 'epsilon': 0.4, 'gamma': 'scale'}","{'alpha': 0.0007000000000000001, 'learning_rate': 'invscaling', 'penalty': 'l1', 'power_t': 0.25}","{'alpha': 0.0007000000000000001, 'l1_ratio': 1.0, 'learning_rate': 'invscaling', 'power_t': 0.25}","{'algorithm': 'ball_tree', 'leaf_size': 1, 'n_neighbors': 3, 'p': 1, 'weights': 'uniform'}","{'criterion': 'friedman_mse', 'splitter': 'best'}","{'alpha': 2.1, 'kernel': 'poly'}","{'alpha': 6.1, 'coef0': 11, 'degree': 2, 'kernel': 'polynomial'}","{'alpha': 3.1, 'coef0': 1, 'degree': 1, 'kernel': 'sigmoid'}",{'n_components': 1},{'criterion': 'friedman_mse'}
