volume,aspiration_rate,dispense_rate,delay_aspirate,delay_dispense,%error,abs-err,oo
1000,49.47629842085766,55.114680855903245,5.879520898852469,5.200500416339315,-1.411070702962556,1.411070702962556,49.43570531711603
1000,52.27082876217667,47.45089623795213,3.070580251597018,2.7856083344200084,-1.926502086432285,1.926502086432285,46.06173573919922
1000,11.276092025936935,5.549558537747709,5.9052125621213225,5.852144830968678,-1.9607591909852988,1.9607591909852988,280.63507744854456
1000,11.0,5.5,5.999999999999999,0.0,-1.9607591909854751,1.9607591909854751,278.72727272727275
1000,11.100119784059535,5.7383316681371035,2.882952910260132,0.28230404190908176,-1.9607591909857847,1.9607591909857847,267.5210533693231
