volume,aspiration_rate,dispense_rate,delay_aspirate,delay_dispense,%error,abs-err,oo
1000,13.826360376110168,18.579386832179605,4.314901860928639,2.9467136005955843,-7.942611696522517,7.942611696522517,133.41031868464742
1000,26.4,14.257889518466028,3.905851436158222,0.09993889282898571,-9.226190476324792,9.226190476324792,112.02118564219624
1000,26.4,26.4,3.2301838147232607,0.21979976403037094,-9.226190476324792,9.226190476324792,79.2075593363294
1000,4.64451613067336,1.1729898351692833,4.552628522247185,1.520522573001506,-9.226190476324792,9.226190476324792,1073.9031393295386
1000,26.4,21.296118699640125,5.196720383380416,4.072981354802862,-9.226190476324792,9.226190476324792,94.10540294488658
