volume,aspiration_rate,dispense_rate,delay_aspirate,delay_dispense,%error,abs-err,oo
1000,13.826360376110168,18.579386832179605,4.314901860928639,2.9467136005955843,-7.511155054386337,7.511155054386337,133.41031868464742
1000,4.4,11.800885293640043,4.421730122810517,0.17484309066257325,-9.40934065954213,9.40934065954213,316.6087056339598
1000,26.4,1.9659433339859236,3.4687722115643123,4.017093685912354,-9.40934065954213,9.40934065954213,554.0263139129855
1000,4.4,21.517447180101424,5.547922614412629,0.6940938177746849,-9.40934065954213,9.40934065954213,279.98865818138484
1000,26.4,14.593781963443986,3.2457503316406857,1.3811723923935988,-9.40934065954213,9.40934065954213,111.0280444642505
