volume,aspiration_rate,dispense_rate,delay_aspirate,delay_dispense,%error,abs-err,oo
1000,13.826360376110168,18.579386832179605,4.314901860928639,2.9467136005955843,-9.04806029201986,9.04806029201986,133.41031868464742
1000,5.06772352848569,24.37750580033792,0.19131649553132984,1.4495063333338574,-10.347985348146521,10.347985348146521,239.98950710018022
1000,4.556105165737374,11.772624715055011,0.013246723543056452,2.0621453848803544,-10.347985348146521,10.347985348146521,306.5039320449469
1000,6.4880905402552935,1.105975824897783,4.674843022426796,3.2086556430647075,-10.347985348146521,10.347985348146521,1066.1909463080501
1000,11.61937132340308,1.1030540368661113,0.055565482316021444,3.7934303323883936,-10.347985348146521,10.347985348146521,996.4860717802823
