volume,aspiration_rate,dispense_rate,delay_aspirate,delay_dispense,%error,abs-err,oo
1000,13.826360376110168,18.579386832179605,4.314901860928639,2.9467136005955843,-8.755916337808092,8.755916337808092,133.41031868464742
1000,4.4439006430393935,20.573771661250202,1.7352161658810488,1.6026494450285345,-9.760923600324437,9.760923600324437,276.97097385231007
1000,26.28456357219585,8.78933810790187,5.408159997646326,2.676456683682539,-9.760923600324437,9.760923600324437,159.90397048984903
1000,4.460421703735118,16.331583392171694,5.412711631938826,2.354153342734153,-9.760923600324437,9.760923600324437,293.19196356951437
1000,26.209337106230898,5.440556567932253,2.4234263078513516,2.2712356668674163,-9.760923600324437,9.760923600324437,226.6537278328994
