volume,aspiration_rate,dispense_rate,delay_aspirate,delay_dispense,%error,abs-err,oo
1000,11.531319654349904,7.292409706934173,4.168531063111615,3.563414398044143,-4.3854738553925365,4.3854738553925365,231.5811721810005
1000,12.623631389601464,7.03317574211184,5.927971719100005,4.59597570115797,-6.355252379425721,6.355252379425721,231.92373625372474
1000,4.9658429487608355,9.603698380409938,5.806630684247638,3.0351004097126912,-6.267128852852016,6.267128852852016,314.3439631021233
1000,14.08565791740968,3.218280059458684,4.273981088332576,2.5671809450269176,-5.676560201370615,5.676560201370615,388.5603387365557
1000,4.52591823980948,4.260192086291726,5.845174533060723,5.252228348913813,-6.162206162603991,6.162206162603991,466.77824145875456
