volume,aspiration_rate,dispense_rate,delay_aspirate,delay_dispense,%error,abs-err,oo
1000,11.531319654349904,7.292409706934173,4.168531063111615,3.563414398044143,-4.604811886351376,4.604811886351376,231.5811721810005
1000,12.623631389601464,7.03317574211184,5.927971719100005,4.59597570115797,-7.20363114763569,7.20363114763569,231.92373625372474
1000,14.08565791740968,3.218280059458684,4.273981088332576,2.5671809450269176,-6.144017837665833,6.144017837665833,388.5603387365557
1000,4.89198091583346,1.1010730837074254,2.2849880676915664,2.5934786311653255,-6.388692244340779,6.388692244340779,1117.4995635361881
1000,4.4,1.1,4.3577220547627835,1.2699317509342407,-7.3364741766831685,7.3364741766831685,1141.9912901693333
