volume,aspiration_rate,dispense_rate,delay_aspirate,delay_dispense,%error,abs-err,oo
1000,13.826360376110168,18.579386832179605,4.314901860928639,2.9467136005955843,-11.893315018521658,11.893315018521658,133.41031868464742
1000,24.110764056728108,18.847430185249323,0.5557213584658723,4.354040364645616,-13.266941392344329,13.266941392344329,99.44264430278915
1000,9.818119358824033,13.259358982770399,3.3808161833938657,3.8519595217868243,-13.266941392344329,13.266941392344329,184.50370268990076
1000,10.441271194775819,3.7770433285136105,1.1863815477685902,3.315611201743233,-13.266941392344329,13.266941392344329,365.0331263955385
1000,14.72714376229037,7.538931832760868,2.988480112561656,1.7748449510661235,-13.266941392344329,13.266941392344329,205.30994028952344
