volume,aspiration_rate,dispense_rate,delay_aspirate,delay_dispense,%error,abs-err,oo
1000,13.826360376110168,18.579386832179605,4.314901860928639,2.9467136005955843,-10.22866926305293,10.22866926305293,133.41031868464742
1000,7.0399675636664245,26.338013454983937,3.4260681286981383,1.9316327658546693,-11.029892726436428,11.029892726436428,185.37174555775258
1000,25.861047655905423,13.96829673912401,5.078281645491469,0.676173749896481,-11.029892726436428,11.029892726436428,116.01333897353173
1000,13.197165338682458,16.31792068059754,3.9890181656815313,1.6594311053470383,-11.029892726436428,11.029892726436428,142.70461498012583
1000,24.11766823312962,26.186755188874326,2.0006725707157313,2.741741028804034,-11.029892726436428,11.029892726436428,84.39303544995184
