volume,aspiration_rate,dispense_rate,delay_aspirate,delay_dispense,%error,abs-err,oo
1000,66.0,66.0,0.0,3.800512716096756,-12.560859781677072,12.560859781677072,34.10354301912706
1000,66.0,66.0,6.0,0.0,-11.953937569082461,11.953937569082461,36.303030303030305
1000,66.0,66.0,0.0,6.0,-13.996696131681349,13.996696131681349,36.303030303030305
1000,66.0,58.40025476616091,0.0,6.0,-14.06553117414819,14.06553117414819,38.27472812385708
1000,66.0,66.0,6.0,6.0,-14.080730957399275,14.080730957399275,42.303030303030305
