volume,aspiration_rate,dispense_rate,delay_aspirate,delay_dispense,%error,abs-err,oo
1000,66.0,66.0,6.0,0.0,-13.399875000385828,13.399875000385828,36.303030303030305
1000,59.125465344847676,65.42178981964304,0.4400243563597707,3.9259646230161813,-15.062801636576529,15.062801636576529,36.564602217285014
1000,65.63100575943834,65.81882239759162,3.445215747237084,3.384472365750186,-14.633933289513376,14.633933289513376,37.25961124087248
1000,66.0,66.0,6.0,3.8087677513011,-15.20016894474956,15.20016894474956,40.1117980543314
1000,60.04786059379152,62.45594020272496,5.76294264285636,2.193901805512039,-15.089683708931307,15.089683708931307,40.62151436713063
