volume,aspiration_rate,dispense_rate,delay_aspirate,delay_dispense,%error,abs-err,oo
1000,63.89128796763073,65.42587146585738,5.664856376771807,0.3083559764142586,-18.304120542004917,18.304120542004917,36.90927205755707
1000,65.72919396661769,57.401851231645935,0.2246867559609012,5.976268634501958,-18.304120542004917,18.304120542004917,38.835936122886096
1000,65.71296139921819,64.50456243265144,5.665843223739996,4.763692639633181,-18.304120542004917,18.304120542004917,41.150013218062725
1000,45.44077607051043,65.83558913898662,0.08889278482573285,5.754191056946751,-18.304120542004917,18.304120542004917,43.03910319150634
1000,34.56590094027542,47.29853372912514,4.314901860928639,2.9467136005955843,-18.304120542004917,18.304120542004917,57.334165404783946
