volume,aspiration_rate,dispense_rate,delay_aspirate,delay_dispense,%error,abs-err,oo
1000,27.330839732697026,5.813589230487537,0.07501735944393076,3.994976015681816,-0.7411635553657092,0.7411635553657092,212.66947407076657
1000,22.230420679094717,42.5862226466056,5.582518278262167,2.2660884224946996,-1.0848610672606507,1.0848610672606507,76.31378364030564
1000,11.431162335554792,5.82687885971533,0.020494099848738186,3.7968109042362728,1.8241712473468836,1.8241712473468836,262.9159368996884
1000,37.11702501564264,20.3511540768278,2.841862909631924,0.794034669453762,-1.8979416512652043,1.8979416512652043,79.71497450212966
1000,39.28985836240851,7.980639874690262,0.721117397830095,4.632438077927331,-2.2672958904026217,2.2672958904026217,156.10865191913607
