volume,aspiration_rate,dispense_rate,delay_aspirate,delay_dispense,%error,abs-err,oo
1000,11.003086972838236,6.224602896718038,0.5398721705623796,5.470155166441731,0.0671212513759194,0.0671212513759194,257.5464318276781
1000,66.0,5.5,0.0,0.0946066430583749,0.07597341263336954,0.07597341263336954,197.06430361275534
1000,37.11702501564264,20.3511540768278,2.841862909631924,0.794034669453762,-0.30135216614717786,0.30135216614717786,79.71497450212966
1000,24.343502669978513,6.283395591155482,0.78277280053629,5.783994983913046,-0.9695158282312688,0.9695158282312688,206.7951073748111
1000,39.28985836240851,7.980639874690262,0.721117397830095,4.632438077927331,-1.926879512644692,1.926879512644692,156.10865191913607
