volume,aspiration_rate,dispense_rate,delay_aspirate,delay_dispense,%error,abs-err,oo
1000,39.28985836240851,7.980639874690262,0.721117397830095,4.632438077927331,0.8280466894549772,0.8280466894549772,156.10865191913607
1000,44.190134754495865,6.449199506318438,5.850339551559726,0.15471586116307728,-1.1072995128314007,1.1072995128314007,183.69254416184864
1000,13.866616586334187,31.696245126606847,5.923820531762077,5.781940762424335,1.4778120609603302,1.4778120609603302,115.37088472871321
1000,21.974578741624725,5.889976800370669,0.2881371116445758,0.260714232173958,1.595794159412323,1.595794159412323,215.83593648001542
1000,11.087672029757929,25.48996813831228,0.01456186328225129,0.39350735587201824,-2.0494919930107454,2.0494919930107454,129.829447176363
