volume,aspiration_rate,dispense_rate,delay_aspirate,delay_dispense,%error,abs-err,oo
1000,26.078326351390672,9.817109752172986,0.016323198593791503,0.4682195426800041,-0.3377982128914634,0.3377982128914634,140.69353629164095
1000,55.167112562164,5.67541545617626,2.0923249758343685,0.21518775069507462,0.4872957850065678,0.4872957850065678,196.63280900768459
1000,11.17136681296192,38.32424162931387,5.783246237248862,5.782464454160197,-1.1522748174667847,1.1522748174667847,127.17341720708613
1000,37.11702501564264,20.3511540768278,2.841862909631924,0.794034669453762,-1.211233689902604,1.211233689902604,79.71497450212966
1000,39.28985836240851,7.980639874690262,0.721117397830095,4.632438077927331,-1.8471394290794017,1.8471394290794017,156.10865191913607
