volume,aspiration_rate,dispense_rate,delay_aspirate,delay_dispense,%error,abs-err,oo
1000,11.278822509554306,21.493511895591954,1.908976003512135,0.9289388882934253,-0.6910034226431812,0.6910034226431812,138.02532039881635
1000,12.258961177774447,13.134830931457778,4.019015568693815,2.960788264684566,1.1313554389220393,1.1313554389220393,164.6862347016827
1000,11.0,29.099587637720248,4.761205367110487,4.79299083817637,-2.5006948662644977,2.5006948662644977,134.82803524928786
1000,11.837261926328878,5.6769392711188305,3.9587195139831843,0.5288617099943383,3.0774637280282775,3.0774637280282775,265.1178359990251
1000,11.444803608411608,34.86939907222754,5.707637360925304,3.31303488939966,-4.0355859518589074,4.0355859518589074,125.0750117718775
