volume,aspiration_rate,dispense_rate,delay_aspirate,delay_dispense,%error,abs-err,oo
1000,44.47891735482588,27.1848538454861,4.288091977437061,1.5839990954840886,0.06282811378393616,0.06282811378393616,65.13984217927623
1000,39.28985836240851,7.980639874690262,0.721117397830095,4.632438077927331,-1.5530583269866973,1.5530583269866973,156.10865191913607
1000,37.11702501564264,20.3511540768278,2.841862909631924,0.794034669453762,1.8014266942059645,1.8014266942059645,79.71497450212966
1000,51.51625741425896,9.050787309429767,0.06415915570844068,0.062294062451427004,2.348528800055529,2.348528800055529,130.02542685277126
1000,65.89550416251923,24.400964838988568,1.4111928376274663,0.5805915190007653,-3.5413302743589625,3.5413302743589625,58.149312516615375
