volume,aspiration_rate,dispense_rate,delay_aspirate,delay_dispense,%error,abs-err,oo
1000,26.925516969320668,5.693353784960647,0.2713494163475548,4.432747663088676,-0.6736587436526182,0.6736587436526182,217.48698541521622
1000,44.47891735482588,27.1848538454861,4.288091977437061,1.5839990954840886,1.1417636384640772,1.1417636384640772,65.13984217927623
1000,39.28985836240851,7.980639874690262,0.721117397830095,4.632438077927331,-1.2915129151291476,1.2915129151291476,156.10865191913607
1000,11.110005089515635,6.160198290928746,0.02175179770425007,5.062726304403633,-1.825322106138707,1.825322106138707,257.42587461148037
1000,11.233595069015438,20.12926094069907,0.2184261611405332,0.2811856956187729,-2.181316455170413,2.181316455170413,139.19723202765772
