volume,aspiration_rate,dispense_rate,delay_aspirate,delay_dispense,%error,abs-err,oo
1000,11.206703394366935,21.289109002940265,0.6810484968023791,0.01847419223161762,-0.5620167630004644,0.5620167630004644,136.90420435005825
1000,21.160939717398826,25.40543050107708,0.21099389671948515,5.822494353814104,-0.9649520253806827,0.9649520253806827,92.65203202038117
1000,39.28985836240851,7.980639874690262,0.721117397830095,4.632438077927331,-1.2915129151291431,1.2915129151291431,156.10865191913607
1000,11.0,29.940629549573927,5.2029190638271245,0.0,-1.715812838539538,1.715812838539538,129.5114412822784
1000,31.974384010299804,11.057171290088315,0.16133792868417368,0.14958533527892676,-2.889760879821566,2.889760879821566,122.02500284579426
