volume,aspiration_rate,dispense_rate,delay_aspirate,delay_dispense,%error,abs-err,oo
1000,52.27082876217667,47.45089623795213,3.070580251597018,2.7856083344200084,-3.4279656383414316,3.4279656383414316,46.06173573919922
1000,38.064662723578834,50.28793163945468,2.1463735128541312,2.5032596881520264,-4.556412405746838,4.556412405746838,50.806205249927686
1000,34.56590094027542,47.29853372912514,4.314901860928639,2.9467136005955843,-2.2944554812391535,2.2944554812391535,57.334165404783946
1000,33.60084049899605,40.57150496986792,0.8397045757823074,2.4061053399672216,-4.745535094177128,4.745535094177128,57.65481111723914
1000,11.6465543811481,45.700443223809344,5.957656103481633,0.11145718837805221,-5.0923240065068756,5.0923240065068756,113.81304376209856
