volume,aspiration_rate,dispense_rate,delay_aspirate,delay_dispense,%error,abs-err,oo
1000,50.530683078005495,18.00778972223663,5.339665466279712,5.982885129068058,2.056769270853399,2.056769270853399,86.64403030207194
1000,11.092322166758288,20.539603503656902,5.776861236234133,5.674774361727052,-2.3163606972869846,2.3163606972869846,150.2905153857663
1000,11.0,8.145869414954191,0.0,0.9091741653507242,-2.315989478211047,2.315989478211047,214.579869644753
1000,11.0,5.5,6.0,0.0,-2.3148428455642036,2.3148428455642036,278.72727272727275
1000,11.0,5.5,5.001966020172956,6.0,-2.315348822513984,2.315348822513984,283.7292387474457
