volume,aspiration_rate,dispense_rate,delay_aspirate,delay_dispense,%error,abs-err,oo
1000,52.46342228441563,36.768571033404086,0.28636950695265406,5.989423408624711,-0.3465414048408233,0.3465414048408233,52.53383274943736
1000,28.82829913587476,20.307936255712157,4.168531063111615,3.563414398044143,-0.3892506651555532,0.3892506651555532,91.66191553181346
1000,33.357869679383974,6.5122045356788325,0.10020332540621205,5.720349497309158,0.07377750007945183,0.07377750007945183,189.3563168125553
1000,65.94431461983909,5.7817634254369565,0.3926217961121793,5.597398085505722,-0.4585898015233201,0.4585898015233201,194.11194226028914
1000,14.00031452189638,7.051344900824467,0.9882715765981838,5.999110733074338,-0.16946213171032642,0.16946213171032642,220.2312668452606
