volume,aspiration_rate,dispense_rate,delay_aspirate,delay_dispense,%error,abs-err,oo
1000,52.09235309744157,65.29119684037246,5.895301969944651,5.7497845410996415,1.0490535076989662,1.0490535076989662,46.15776248805119
1000,65.65870703058417,31.859964153911207,5.867139422124794,5.568416835662006,-0.949258203021043,0.949258203021043,58.05318359389043
1000,38.25204832260153,19.58657376415171,2.621163976768905,4.509257962731809,-2.130838140252811,2.130838140252811,84.32819455424341
1000,48.95227918195105,7.205517777886505,0.4171598248030982,5.96193227080887,-2.108859751661715,2.108859751661715,165.58968190896837
1000,54.76606253595924,6.4570712472941665,5.949722772288717,5.780578323243093,-1.7239897489822926,1.7239897489822926,184.85875845465773
