volume,aspiration_rate,dispense_rate,delay_aspirate,delay_dispense,%error,abs-err,oo
1000,4.903584471109779,4.292747480427797,4.019015568693815,2.960788264684566,3.032319087342631,3.032319087342631,443.8632971822076
1000,6.911880368002181,15.827858453825742,0.19364251056166323,3.5129519286406063,-4.400856356442801,4.400856356442801,211.56476558607392
1000,12.255473577781459,7.3446793367426455,1.919780591113883,3.7857946565276515,-5.007926755713588,5.007926755713588,223.45475215982813
1000,15.715943344963403,2.1373584930522913,0.721117397830095,4.632438077927331,-5.386705270090087,5.386705270090087,536.850438195046
1000,8.892168271637887,16.60878401585325,5.582518278262167,2.2660884224946996,-6.940022889253085,6.940022889253085,180.51622107123538
