volume,aspiration_rate,dispense_rate,delay_aspirate,delay_dispense,%error,abs-err,oo
1000,12.58226732730366,22.871795774780725,1.243598820611088,4.9721454533275855,0.2578735757924715,0.2578735757924715,129.41464726221594
1000,12.179422100818549,13.308993863392542,0.33787036887120225,0.1993722313546729,-0.7909962638718655,0.7909962638718655,157.7801043719758
1000,8.892168271637887,16.60878401585325,5.582518278262167,2.2660884224946996,-1.7037560118796042,1.7037560118796042,180.51622107123538
1000,12.255473577781459,7.3446793367426455,1.919780591113883,3.7857946565276515,-2.1254618682345496,2.1254618682345496,223.45475215982813
1000,14.32900068825586,12.748970128629079,0.1801017938201766,2.709942907763409,-2.5775619670653613,2.5775619670653613,151.1162903652193
