volume,aspiration_rate,dispense_rate,delay_aspirate,delay_dispense,%error,abs-err,oo
1000,14.846810006257055,7.310482613946171,2.841862909631924,0.794034669453762,-2.7250102978843604,2.7250102978843604,207.78030823924712
1000,12.179422100818549,13.308993863392542,0.33787036887120225,0.1993722313546729,-2.883448598018395,2.883448598018395,157.7801043719758
1000,4.903584471109779,4.292747480427797,4.019015568693815,2.960788264684566,3.4516358763823183,3.4516358763823183,443.8632971822076
1000,15.715943344963403,2.1373584930522913,0.721117397830095,4.632438077927331,-5.437271062271073,5.437271062271073,536.850438195046
1000,12.255473577781459,7.3446793367426455,1.919780591113883,3.7857946565276515,-5.7212123127788965,5.7212123127788965,223.45475215982813
