volume,aspiration_rate,dispense_rate,delay_aspirate,delay_dispense,%error,abs-err,oo
1000,15.715943344963403,2.1373584930522913,0.721117397830095,4.632438077927331,-0.9858705763680824,0.9858705763680824,536.850438195046
1000,4.903584471109779,4.292747480427797,4.019015568693815,2.960788264684566,3.083706628759158,3.083706628759158,443.8632971822076
1000,12.255473577781459,7.3446793367426455,1.919780591113883,3.7857946565276515,-5.338741049899074,5.338741049899074,223.45475215982813
1000,26.265341937386125,1.3773275343530653,0.15666574834475738,0.5458795641375177,-6.6376625451752425,6.6376625451752425,764.8192466052406
1000,14.846810006257055,7.310482613946171,2.841862909631924,0.794034669453762,-6.9179433104434445,6.9179433104434445,207.78030823924712
