volume,aspiration_rate,dispense_rate,delay_aspirate,delay_dispense,%error,abs-err,oo
1000,44.47891735482588,27.1848538454861,4.288091977437061,1.5839990954840886,1.8471231963999157,1.8471231963999157,65.13984217927623
1000,51.083489601178535,28.01173239243814,3.1084592073459705,1.1214562914326005,4.677410055316103,4.677410055316103,59.5050392544723
1000,34.80655928054068,29.786870053576756,3.1106518585397254,1.423057779101879,4.6774100556476474,4.6774100556476474,66.83576541138174
1000,47.65009256376694,38.2260710929703,6.0,1.4174252579261621,4.677410055649114,4.677410055649114,54.56389980031002
1000,37.11702501564264,20.3511540768278,2.841862909631924,0.794034669453762,4.6774100556503635,4.6774100556503635,79.71497450212966
