volume,aspiration_rate,dispense_rate,delay_aspirate,delay_dispense,%error,abs-err,oo
1000,44.47891735482588,27.1848538454861,4.288091977437061,1.5839990954840886,13.607011071309962,13.607011071309962,65.13984217927623
1000,65.58001012962231,6.451705876410548,5.308215761016845,0.6842043428452182,13.607011071309962,13.607011071309962,176.2387354875832
1000,65.99284465891624,53.186174693324034,0.7142384106655011,0.828706866662692,13.607011071309962,13.607011071309962,35.49798185132753
1000,65.80030925235528,39.84558475629538,0.6991804336647132,5.562305117866519,13.607011071309962,13.607011071309962,46.555866048799786
1000,62.100844399499856,65.938576749123,5.843836876646687,0.5724010746462225,13.607011071309962,13.607011071309962,37.68470770048489
