volume,aspiration_rate,dispense_rate,delay_aspirate,delay_dispense,%error,abs-err,oo
1000,44.47891735482588,27.1848538454861,4.288091977437061,1.5839990954840886,2.1430927514978437,2.1430927514978437,65.13984217927623
1000,66.0,26.654853697075406,5.526553312133854,1.7536757025650989,6.233856089040588,6.233856089040588,59.94836351684746
1000,66.0,66.0,2.4543027523416505,3.097261993806155,6.233856089040588,6.233856089040588,35.854595049178116
1000,41.952404940291515,54.207729927210586,0.0,5.003808045564437,6.233856089040588,6.233856089040588,47.28789732970013
1000,36.24721575179024,66.0,0.0,0.06011815227858913,6.233856089040588,6.233856089040588,42.799959172674036
