volume,aspiration_rate,dispense_rate,delay_aspirate,delay_dispense,%error,abs-err,oo
1000,44.47891735482588,27.1848538454861,4.288091977437061,1.5839990954840886,1.8245362009082733,1.8245362009082733,65.13984217927623
1000,66.0,45.66058716477951,6.0,1.6564661649525776,5.4658671590713395,5.4658671590713395,44.7087071304221
1000,39.90787426884011,66.0,0.0,0.0,5.4658671590713395,5.4658671590713395,40.20922665134303
1000,47.12882174953642,33.866615414737126,3.869603559904183,0.0,5.4658671590713395,5.4658671590713395,54.6156456759031
1000,66.0,5.5,0.0,1.676830860457334,5.4658671590713395,5.4658671590713395,198.6465278301543
