volume,aspiration_rate,dispense_rate,delay_aspirate,delay_dispense,%error,abs-err,oo
1000,44.47891735482588,27.1848538454861,4.288091977437061,1.5839990954840886,1.7001865215579337,1.7001865215579337,65.13984217927623
1000,11.0,66.0,4.2467264229429835,0.5537029377710485,4.928835002978384,4.928835002978384,110.8610354213201
1000,48.32168903937787,27.224577482394512,6.0,0.0,4.928835002978384,4.928835002978384,63.42615672689928
1000,44.18840656620528,5.5,5.546574487811453,3.7660026475816135,4.928835002978384,4.928835002978384,213.76112917300676
1000,66.0,59.05883690660698,0.0,6.0,4.928835002978384,4.928835002978384,38.08378223258475
