volume,aspiration_rate,dispense_rate,delay_aspirate,delay_dispense,%error,abs-err,oo
1000,44.47891735482588,27.1848538454861,4.288091977437061,1.5839990954840886,2.0687986404999736,2.0687986404999736,65.13984217927623
1000,49.34789277668539,32.30489590535124,0.0,2.6652247240891263,4.325415129391141,4.325415129391141,53.884574796339066
1000,66.0,34.33329071972676,3.3416837743891303,1.47905788542624,4.325415129391141,4.325415129391141,49.0985065542785
1000,66.0,66.0,6.0,0.0,4.325415129391141,4.325415129391141,36.303030303030305
1000,46.87335470594913,27.58164374202394,6.0,2.278781636282953,4.325415129391141,4.325415129391141,65.86886104978302
