volume,aspiration_rate,dispense_rate,delay_aspirate,delay_dispense,%error,abs-err,oo
1000,44.47891735482588,27.1848538454861,4.288091977437061,1.5839990954840886,1.9736800241804562,1.9736800241804562,65.13984217927623
1000,46.96207323116389,31.022540059405998,0.0,2.682775015067498,4.48570110727757,4.48570110727757,56.21118058962323
1000,47.920090682441156,26.26651511317677,5.654059686843012,0.0,4.48570110727757,4.48570110727757,64.59341937289516
1000,44.064442680486756,17.788122989811384,2.371271646924209,1.7031296725691374,4.48570110727757,4.48570110727757,82.98572235792528
1000,66.0,59.58087549469205,0.0,0.0,4.48570110727757,4.48570110727757,31.935424278347103
