volume,aspiration_rate,dispense_rate,delay_aspirate,delay_dispense,%error,abs-err,oo
1000,44.47891735482588,27.1848538454861,4.288091977437061,1.5839990954840886,5.265989880147925,5.265989880147925,65.13984217927623
1000,66.0,66.0,6.0,0.0,9.436500615805656,9.436500615805656,36.303030303030305
1000,43.89385456537619,56.818515171570475,6.0,6.0,9.436500615805656,9.436500615805656,52.3821292403861
1000,66.0,66.0,0.24489381000701807,1.0215523840746104,9.436500615805656,9.436500615805656,31.569476497111932
1000,66.0,35.40573422199688,0.0,0.0,9.436500615805656,9.436500615805656,43.39552765327312
