volume,aspiration_rate,dispense_rate,delay_aspirate,delay_dispense,%error,abs-err,oo
1000,44.47891735482588,27.1848538454861,4.288091977437061,1.5839990954840886,2.891913709882507,2.891913709882507,65.13984217927623
1000,66.0,57.96919449924725,0.0,6.0,7.380073801337636,7.380073801337636,38.4020567303357
1000,66.0,29.479416715798628,2.4143667696556985,0.0,7.380073801337636,7.380073801337636,51.48785567121725
1000,66.0,45.57763032887765,6.0,6.0,7.380073801337636,7.380073801337636,49.092102952684954
1000,35.70031492826774,26.209309250529245,5.4621652936727925,2.922602627084366,7.380073801337636,7.380073801337636,74.55010741394236
