volume,aspiration_rate,dispense_rate,delay_aspirate,delay_dispense,%error,abs-err,oo
1000,52.27082876217667,47.45089623795213,3.070580251597018,2.7856083344200084,-10.603087899082821,10.603087899082821,46.06173573919922
1000,38.064662723578834,50.28793163945468,2.1463735128541312,2.5032596881520264,-10.602855911307497,10.602855911307497,50.806205249927686
1000,38.26869139844544,53.02696300929651,5.793876329057489,0.9082301608674898,-10.603090317363083,10.603090317363083,51.691458665930575
1000,34.56590094027542,47.29853372912514,4.314901860928639,2.9467136005955843,-6.022259859077326,6.022259859077326,57.334165404783946
1000,33.60084049899605,40.57150496986792,0.8397045757823074,2.4061053399672216,-10.603090397795112,10.603090397795112,57.65481111723914
