volume,aspiration_rate,dispense_rate,delay_aspirate,delay_dispense,%error,abs-err,oo
1000,52.27082876217667,47.45089623795213,3.070580251597018,2.7856083344200084,-3.3210219856828456,3.3210219856828456,46.06173573919922
1000,34.56590094027542,47.29853372912514,4.314901860928639,2.9467136005955843,-1.9189849736123463,1.9189849736123463,57.334165404783946
1000,33.60084049899605,40.57150496986792,0.8397045757823074,2.4061053399672216,-4.02004491142129,4.02004491142129,57.65481111723914
1000,33.61748993643329,42.43210835459565,4.937598949847775,0.2510300769104616,-3.772181130279794,3.772181130279794,58.502108744949034
1000,27.640219967445,35.58718157259364,4.099577480538599,5.500192042460534,-4.174784774253103,4.174784774253103,73.87893722915416
