volume,aspiration_rate,dispense_rate,delay_aspirate,delay_dispense,%error,abs-err,oo
1000,52.27082876217667,47.45089623795213,3.070580251597018,2.7856083344200084,-3.4865890897591734,3.4865890897591734,46.06173573919922
1000,38.064662723578834,50.28793163945468,2.1463735128541312,2.5032596881520264,-4.6394187631651995,4.6394187631651995,50.806205249927686
1000,34.56590094027542,47.29853372912514,4.314901860928639,2.9467136005955843,-2.5386987299527255,2.5386987299527255,57.334165404783946
1000,33.60084049899605,40.57150496986792,0.8397045757823074,2.4061053399672216,-5.1426109291690345,5.1426109291690345,57.65481111723914
1000,27.640219967445,35.58718157259364,4.099577480538599,5.500192042460534,-5.513984909472564,5.513984909472564,73.87893722915416
