volume,aspiration_rate,dispense_rate,delay_aspirate,delay_dispense,%error,abs-err,oo
1000,34.56590094027542,47.29853372912514,4.314901860928639,2.9467136005955843,-19.76476015,19.76476015,57.334165404783946
1000,24.868518222705042,24.408561758637205,4.231388783023022,2.7685004697084254,-19.76476015,19.76476015,88.18060313570165
1000,11.941008427639813,63.823835630394925,5.0985017106687165,0.09471656431556211,-19.76476015,19.76476015,104.60636673746674
1000,65.95788924286846,5.816225659017169,0.42099807246773324,0.028244584499266708,-19.76476015,19.76476015,187.54323764398438
1000,12.486675402851478,5.789561639620468,5.424391219937453,5.815509239935486,-19.76476015,19.76476015,264.0499175245344
