volume,aspiration_rate,dispense_rate,delay_aspirate,delay_dispense,%error,abs-err,oo
1000,11.531319654349904,7.292409706934173,4.168531063111615,3.563414398044143,-4.588666756313365,4.588666756313365,231.5811721810005
1000,4.481726286395174,10.702525772839255,1.6745144286670912,3.3610453716417212,-8.76736712002978,8.76736712002978,321.599755139179
1000,14.08565791740968,3.218280059458684,4.273981088332576,2.5671809450269176,-8.77764708589964,8.77764708589964,388.5603387365557
1000,26.19124419032302,6.0090575446063195,5.696147088732765,4.299596924672184,-8.805876469775512,8.805876469775512,214.59189004212485
1000,15.300819329040612,6.99074902864526,2.621163976768905,4.509257962731809,-8.808616629552269,8.808616629552269,215.53258721795999
