volume,aspiration_rate,dispense_rate,delay_aspirate,delay_dispense,%error,abs-err,oo
1000,11.531319654349904,7.292409706934173,4.168531063111615,3.563414398044143,-3.6029385026476377,3.6029385026476377,231.5811721810005
1000,5.402619186811696,1.1100832195924062,3.9800098370968198,2.6731339884524727,-6.569386290945199,6.569386290945199,1092.581914411067
1000,17.01752214795014,1.1,5.764387233705725,3.7977661734949804,-7.014239743427406,7.014239743427406,977.4160240683085
1000,14.08565791740968,3.218280059458684,4.273981088332576,2.5671809450269176,-7.131138391670985,7.131138391670985,388.5603387365557
1000,12.623631389601464,7.03317574211184,5.927971719100005,4.59597570115797,-7.132959088337639,7.132959088337639,231.92373625372474
