volume,aspiration_rate,dispense_rate,delay_aspirate,delay_dispense,%error,abs-err,oo
1000,13.926674520206204,8.346226519025734,1.919780591113883,3.7857946565276515,-0.29234585400425717,0.29234585400425717,197.32485093036576
1000,20.39068004024658,6.86146523035638,4.138432510280352,5.577439684595221,-1.4613825034744217,1.4613825034744217,204.49935117974607
1000,29.53131950698035,1.7454072081216567,3.663267575899865,3.674747635786499,-1.8023841355189507,1.8023841355189507,614.1325741599753
1000,29.222299190932596,1.485288389738948,0.1323439182948283,5.56091670092785,4.2028307366328255,4.2028307366328255,713.1836259448555
1000,5.572255080806567,4.87812213684977,4.019015568693815,2.960788264684566,4.940532970719677,4.940532970719677,391.4372779803481
