volume,aspiration_rate,dispense_rate,delay_aspirate,delay_dispense,%error,abs-err,oo
1000,13.926674520206204,8.346226519025734,1.919780591113883,3.7857946565276515,-0.4606661941885237,0.4606661941885237,197.32485093036576
1000,20.39068004024658,6.86146523035638,4.138432510280352,5.577439684595221,-1.8643336454317212,1.8643336454317212,204.49935117974607
1000,29.53131950698035,1.7454072081216567,3.663267575899865,3.674747635786499,-2.406503702137914,2.406503702137914,614.1325741599753
1000,9.459513772493601,9.64137166591317,5.845742403570212,2.1066258066795482,-4.6469609092306445,4.6469609092306445,217.3857286168976
1000,5.572255080806567,4.87812213684977,4.019015568693815,2.960788264684566,5.1470628723860194,5.1470628723860194,391.4372779803481
