volume,aspiration_rate,dispense_rate,delay_aspirate,delay_dispense,%error,abs-err,oo
1000,13.926674520206204,8.346226519025734,1.919780591113883,3.7857946565276515,-0.3189227498228253,0.3189227498228253,197.32485093036576
1000,20.39068004024658,6.86146523035638,4.138432510280352,5.577439684595221,-1.5948849354420558,1.5948849354420558,204.49935117974607
1000,29.53131950698035,1.7454072081216567,3.663267575899865,3.674747635786499,-2.086901884198715,2.086901884198715,614.1325741599753
1000,29.222299190932596,1.485288389738948,0.1323439182948283,5.56091670092785,3.7571371589381557,3.7571371589381557,713.1836259448555
1000,5.572255080806567,4.87812213684977,4.019015568693815,2.960788264684566,5.01298921209208,5.01298921209208,391.4372779803481
