volume,aspiration_rate,dispense_rate,delay_aspirate,delay_dispense,%error,abs-err,oo
1000,13.926674520206204,8.346226519025734,1.919780591113883,3.7857946565276515,-2.1052706913032404,2.1052706913032404,197.32485093036576
1000,17.859026528367504,2.4288164693776038,0.721117397830095,4.632438077927331,2.151196885510479,2.151196885510479,473.07081226873134
1000,29.846979474302415,1.5651449254012104,0.15666574834475738,0.5458795641375177,-3.375425009721196,3.375425009721196,673.1252424501097
1000,16.871375007110288,8.30736660675701,2.841862909631924,0.794034669453762,-3.649498404972234,3.649498404972234,183.28297896002778
1000,5.572255080806567,4.87812213684977,4.019015568693815,2.960788264684566,6.130645281757589,6.130645281757589,391.4372779803481
