volume,aspiration_rate,dispense_rate,delay_aspirate,delay_dispense,%error,abs-err,oo
1000,15.300819329040612,6.99074902864526,2.621163976768905,4.509257962731809,-7.94927275004934,7.94927275004934,215.53258721795999
1000,11.531319654349904,7.292409706934173,4.168531063111615,3.563414398044143,-4.813755618143857,4.813755618143857,231.5811721810005
1000,4.4,9.059436292539711,4.405477432256465,1.0698022169818575,-8.14849640421791,8.14849640421791,343.130150767216
1000,14.08565791740968,3.218280059458684,4.273981088332576,2.5671809450269176,-7.681206672626845,7.681206672626845,388.5603387365557
1000,8.643199357354472,3.5294012043580523,3.193494401210926,1.213120673881929,-8.006569966582155,8.006569966582155,403.4386944451663
