volume,aspiration_rate,dispense_rate,delay_aspirate,delay_dispense,%error,abs-err,oo
1000,11.531319654349904,7.292409706934173,4.168531063111615,3.563414398044143,-3.4691879443887848,3.4691879443887848,231.5811721810005
1000,12.623631389601464,7.03317574211184,5.927971719100005,4.59597570115797,-6.785583496905104,6.785583496905104,231.92373625372474
1000,14.08565791740968,3.218280059458684,4.273981088332576,2.5671809450269176,-6.897113273993256,6.897113273993256,388.5603387365557
1000,15.300819329040612,6.99074902864526,2.621163976768905,4.509257962731809,-6.936691335940605,6.936691335940605,215.53258721795999
1000,4.4,14.798605214489857,5.762998830885477,4.127978240454166,-7.006020126890739,7.006020126890739,304.73764023235344
