volume,aspiration_rate,dispense_rate,delay_aspirate,delay_dispense,%error,abs-err,oo
1000,11.531319654349904,7.292409706934173,4.168531063111615,3.563414398044143,-3.3374297989751067,3.3374297989751067,231.5811721810005
1000,4.488144970314913,3.0409541486215383,2.0066404857122446,2.698611858141116,-5.927206952813593,5.927206952813593,556.3586103565887
1000,12.623631389601464,7.03317574211184,5.927971719100005,4.59597570115797,-6.1807355263530415,6.1807355263530415,231.92373625372474
1000,20.104945750942917,1.1189184914938928,5.325296149508995,4.269721053552981,-6.442240459857574,6.442240459857574,953.0541705035787
1000,15.300819329040612,6.99074902864526,2.621163976768905,4.509257962731809,-6.526176607173871,6.526176607173871,215.53258721795999
