volume,aspiration_rate,dispense_rate,delay_aspirate,delay_dispense,%error,abs-err,oo
1000,11.531319654349904,7.292409706934173,4.168531063111615,3.563414398044143,-3.3802208529573305,3.3802208529573305,231.5811721810005
1000,4.441374876961927,9.287392598311596,4.1895776712956145,4.41295871393781,-5.89772886043105,5.89772886043105,341.4308873943782
1000,5.402619186811696,1.1100832195924062,3.9800098370968198,2.6731339884524727,-5.978117854695244,5.978117854695244,1092.581914411067
1000,12.623631389601464,7.03317574211184,5.927971719100005,4.59597570115797,-6.464102949384647,6.464102949384647,231.92373625372474
1000,14.08565791740968,3.218280059458684,4.273981088332576,2.5671809450269176,-6.7013096952545395,6.7013096952545395,388.5603387365557
