Viscosity,Mean transfer 1000 μL [μL],Absolute error for transfer 1000 μL [μL],Absolute percent error for transfer 1000 μL [%],Standard deviation for transfer 1000 μL [μL],Relative standard deviation for transfer 1000 μL [%],Mean transfer for 500 μL [μL],Absolute error for transfer 500 μL [μL],Absolute percent error for transfer 500 μL [%],Standard deviation for transfer 500 μL [μL],Relative standard deviation for transfer 500 μL [%],Mean transfer 300 μL [μL],Absolute error for transfer 300 μL [μL],Absolute percent error for transfer 300 μL [%],Standard deviation for transfer 300 μL [μL],Relative standard deviation for transfer 300 μL [%],Time to aspirate 1000 μL [s],Iterations for best parameter,Driver
204,980.865841,-19.13415905,-1.913415905,10.21512325,1.041439392,483.8522977,-16.14770228,-3.229540456,6.389702989,1.320589572,287.1628661,-12.83713393,-4.279044643,5.143734408,1.791225474,38.72,10,ML
204,1008.450052,8.450052089,0.845005209,7.254336459,0.719355058,496.4694988,-3.530501215,-0.706100243,4.526432496,0.911724186,297.0366941,-2.963305938,-0.987768646,4.138990606,1.393427374,53.33333333,7,Human
505,988.5868939,-11.41310607,-1.141310607,5.413134379,0.547562831,482.7018312,-17.29816884,-3.459633767,7.074253783,1.465553542,297.5008638,-2.499136243,-0.833045414,4.996438196,1.679470148,105.4120504,8,ML
505,983.2891858,-16.71081423,-1.671081423,8.321595153,0.846301909,496.5104227,-3.489577335,-0.697915467,9.833599047,1.980542321,304.6182195,4.618219509,1.539406503,2.814218251,0.923850929,130,10,Human
817,988.1407985,-11.85920151,-1.185920151,5.566871842,0.563368282,478.7621073,-21.23789275,-4.247578549,1.067877267,0.223049663,292.0741791,-7.925820931,-2.64194031,6.909303006,2.365598708,217.3635206,7,ML
817,1008.450052,8.450052089,0.845005209,7.254336459,0.719355058,496.4694988,-3.530501215,-0.706100243,4.526432496,0.911724186,297.0366941,-2.963305938,-0.987768646,4.138990606,1.393427374,248.0952381,8,Human
1275,991.025641,-8.974358974,-0.897435897,6.745617366,0.680670316,490.6478938,-9.352106227,-1.870421245,5.923706901,1.207323414,287.4198718,-12.58012821,-4.193376068,4.909411107,1.708097313,483.34,9,ML
1275,1008.450052,8.450052089,0.845005209,7.254336459,0.719355058,496.4694988,-3.530501215,-0.706100243,4.526432496,0.911724186,297.0366941,-2.963305938,-0.987768646,4.138990606,1.393427374,426.66,9,Human
