volume,aspiration_rate,dispense_rate,delay_aspirate,delay_dispense,%error,abs-err,oo
1000,44.47891735482588,27.1848538454861,4.288091977437061,1.5839990954840886,-12.701798894188189,12.701798894188189,65.13984217927623
1000,65.05860800528626,65.93490163161209,1.7175313216917814,1.2073748987175366,-12.701798894188189,12.701798894188189,33.46213681957846
1000,65.96779533081191,65.48294663984922,4.040231232072694,3.4541402013845945,-12.701798894188189,12.701798894188189,37.9244348872456
1000,65.97434101322193,55.05998661991395,0.32463552231810267,0.7852143204127939,-12.701798894188189,12.701798894188189,34.429267276927575
1000,64.48124411083745,65.94880220131202,4.928751882042608,3.6072900270172523,-12.701798894188189,12.701798894188189,39.20770521898093
