volume,aspiration_rate,dispense_rate,delay_aspirate,delay_dispense,%error,abs-err,oo
1000,44.47891735482588,27.1848538454861,4.288091977437061,1.5839990954840886,-4.472247820120689,4.472247820120689,65.13984217927623
1000,37.11702501564264,20.3511540768278,2.841862909631924,0.794034669453762,-8.5870233550639,8.5870233550639,79.71497450212966
1000,22.230420679094717,42.5862226466056,5.582518278262167,2.2660884224946996,-8.587023371033206,8.587023371033206,76.31378364030564
1000,66.0,66.0,6.0,6.0,-8.587023371033208,8.587023371033208,42.303030303030305
1000,25.509693338873085,5.5,0.6160154994248422,2.051200318463767,-8.587023371033208,8.587023371033208,223.6861824795379
