volume,aspiration_rate,dispense_rate,delay_aspirate,delay_dispense,%error,abs-err,oo
1000,44.47891735482588,27.1848538454861,4.288091977437061,1.5839990954840886,-0.8282599321830273,0.8282599321830273,65.13984217927623
1000,47.27349640977332,66.0,0.0,0.0,-4.502998155381301,4.502998155381301,36.30501713351072
1000,66.0,66.0,0.0,6.0,-4.502998155381301,4.502998155381301,36.303030303030305
1000,66.0,63.086203695678314,6.0,2.3745138390163283,-4.502998155381301,4.502998155381301,39.377355293567604
1000,11.0,50.47717609309363,0.5756026846081224,3.2767593999446616,-4.502998155381301,4.502998155381301,114.57238691268323
