volume,aspiration_rate,dispense_rate,delay_aspirate,delay_dispense,%error,abs-err,oo
1000,44.47891735482588,27.1848538454861,4.288091977437061,1.5839990954840886,-0.65629520999682,0.65629520999682,65.13984217927623
1000,22.961928982752603,66.0,0.4093954578804685,1.6260793834780425,-3.9256062206905615,3.9256062206905615,60.737338082144824
1000,66.0,16.836693134203223,0.0,6.0,-3.9256062206905615,3.9256062206905615,80.54560115338751
1000,11.0,50.2671131842755,0.0,6.0,-3.9256062206905615,3.9256062206905615,116.80281339786949
1000,60.34693416218322,54.85365742359991,5.933043287719357,5.6703590138610425,-3.9256062206905615,3.9256062206905615,46.40457736024587
