volume,aspiration_rate,dispense_rate,delay_aspirate,delay_dispense,%error,abs-err,oo
1000,13.826360376110168,18.579386832179605,4.314901860928639,2.9467136005955843,-13.182178671918255,13.182178671918255,133.41031868464742
1000,15.300819329040612,6.99074902864526,2.621163976768905,4.509257962731809,-16.596896256439567,16.596896256439567,215.53258721795999
1000,11.531319654349904,7.292409706934173,4.168531063111615,3.563414398044143,-15.120442001808055,15.120442001808055,231.5811721810005
1000,12.623631389601464,7.03317574211184,5.927971719100005,4.59597570115797,-16.655555798126212,16.655555798126212,231.92373625372474
1000,14.08565791740968,3.218280059458684,4.273981088332576,2.5671809450269176,-15.603722894446383,15.603722894446383,388.5603387365557
