volume,aspiration_rate,dispense_rate,delay_aspirate,delay_dispense,%error,abs-err,oo
1000,23.348880480537673,18.764098951867442,5.659980439499801,2.3620431017970067,-14.247533704298501,14.247533704298501,104.14388920923464
1000,13.826360376110168,18.579386832179605,4.314901860928639,2.9467136005955843,-10.188123316858197,10.188123316858197,133.41031868464742
1000,11.531319654349904,7.292409706934173,4.168531063111615,3.563414398044143,-12.844457225502415,12.844457225502415,231.5811721810005
1000,12.623631389601464,7.03317574211184,5.927971719100005,4.59597570115797,-14.24143907326282,14.24143907326282,231.92373625372474
1000,14.08565791740968,3.218280059458684,4.273981088332576,2.5671809450269176,-13.850948242289281,13.850948242289281,388.5603387365557
