volume,aspiration_rate,dispense_rate,delay_aspirate,delay_dispense,%error,abs-err,oo
1000,27.640219967445,35.58718157259364,4.099577480538599,5.500192042460534,-0.25127581525772236,0.25127581525772236,73.87893722915416
1000,31.55907847400366,19.688028948528313,5.927971719100005,4.59597570115797,-0.44176082275293704,0.44176082275293704,93.00283686225447
1000,65.22065677654062,65.08006863713322,5.766730273179267,5.017496363575537,0.5056931449240387,0.5056931449240387,41.48247980342094
1000,34.56590094027542,47.29853372912514,4.314901860928639,2.9467136005955843,-0.6461070040990353,0.6461070040990353,57.334165404783946
1000,48.19052206726765,5.6524897638345575,5.993366565197147,5.270781194434709,-0.6580277974827329,0.6580277974827329,208.9283069323202
