volume,aspiration_rate,dispense_rate,delay_aspirate,delay_dispense,%error,abs-err,oo
1000,65.84369090063936,33.15328956858545,5.8146232617997455,5.963304124520164,-0.2739518300048591,0.2739518300048591,57.12833072187599
1000,64.32247386529231,63.981639911733794,5.8457529286262755,5.877039606409663,0.35672789783778924,0.35672789783778924,42.898941993020706
1000,29.56642458856895,65.07724599623072,5.905962455040726,5.3922637263400315,-0.49907637164181806,0.49907637164181806,60.48672858867003
1000,34.56590094027542,47.29853372912514,4.314901860928639,2.9467136005955843,-0.5845070924279532,0.5845070924279532,57.334165404783946
1000,27.640219967445,35.58718157259364,4.099577480538599,5.500192042460534,-0.9427761894704973,0.9427761894704973,73.87893722915416
