volume,aspiration_rate,dispense_rate,delay_aspirate,delay_dispense,%error,abs-err,oo
1000,34.56590094027542,47.29853372912514,4.314901860928639,2.9467136005955843,-1.9951002897646188,1.9951002897646188,57.334165404783946
1000,45.68344087168131,5.511526321555471,1.6848187543439037,3.2664076886561926,-4.168588561185421,4.168588561185421,208.27893940655636
1000,40.20376158606054,28.255618523215748,1.6672038203036688,3.6447913398015004,-4.168588561185421,4.168588561185421,65.57648089580265
1000,11.431745668403835,34.46414730058868,5.679733906989312,3.800476696027898,-4.168588561185421,4.168588561185421,125.97157515008284
1000,60.34114015561449,65.20956818125731,5.920747451069763,3.5080150017870677,-4.168588561185421,4.168588561185421,41.33637655691359
