volume,aspiration_rate,dispense_rate,delay_aspirate,delay_dispense,%error,abs-err,oo
1000,34.56590094027542,47.29853372912514,4.314901860928639,2.9467136005955843,-2.462276468617949,2.462276468617949,57.334165404783946
1000,12.486279759001988,5.787280839041976,5.42439453734956,5.815509987311734,-6.330719557795201,6.330719557795201,264.1205309722239
1000,11.96869990076394,5.74101841510816,4.105132853614398,3.106863630004055,-6.330719557795201,6.330719557795201,264.9483832660579
1000,11.610837013702112,5.6719372831105455,4.552631307074788,1.5205209208620731,-6.330719557795201,6.330719557795201,268.50619119766276
1000,11.614897388529297,5.552007409482521,5.119526905857021,5.155100595518508,-6.330719557795201,6.330719557795201,276.48598758920065
