volume,aspiration_rate,dispense_rate,delay_aspirate,delay_dispense,%error,abs-err,oo
1000,10.878307084460785,2.624756587673064,3.0726189415843095,5.504961780735492,-5.693282450029011,5.693282450029011,481.4913583924316
1000,15.300819329040612,6.99074902864526,2.621163976768905,4.509257962731809,-6.618305067630272,6.618305067630272,215.53258721795999
1000,5.015603010944878,5.499834860788532,0.9244934510810805,0.4625188847896998,-7.254853143854616,7.254853143854616,382.5884746003898
1000,4.4,8.38673817238561,3.3905450497759873,0.0,-7.573392395412045,7.573392395412045,349.89913964606245
1000,13.44033619959842,15.766265714672036,0.8397045757823074,2.4061053399672216,-7.628036986664949,7.628036986664949,141.07527074910564
