volume,aspiration_rate,dispense_rate,delay_aspirate,delay_dispense,%error,abs-err,oo
1000,15.300819329040612,6.99074902864526,2.621163976768905,4.509257962731809,-6.412033368697191,6.412033368697191,215.53258721795999
1000,16.948646082305338,1.1,3.0220425813201217,5.939417442463976,-8.265245640517087,8.265245640517087,977.0541321548699
1000,13.44033619959842,15.766265714672036,0.8397045757823074,2.4061053399672216,-8.586353373119618,8.586353373119618,141.07527074910564
1000,14.08565791740968,3.218280059458684,4.273981088332576,2.5671809450269176,-8.610748467654226,8.610748467654226,388.5603387365557
1000,4.400000000000001,1.1,0.0,6.0,-8.611675853772814,8.611675853772814,1142.3636363636363
