volume,aspiration_rate,dispense_rate,delay_aspirate,delay_dispense,%error,abs-err,oo
1000,15.300819329040612,6.99074902864526,2.621163976768905,4.509257962731809,-6.697417122487517,6.697417122487517,215.53258721795999
1000,5.015603010944878,5.499834860788532,0.9244934510810805,0.4625188847896998,-7.582394010010061,7.582394010010061,382.5884746003898
1000,13.44033619959842,15.766265714672036,0.8397045757823074,2.4061053399672216,-7.8241328144377364,7.8241328144377364,141.07527074910564
1000,4.4,1.1,0.0,6.0,-7.903303267228508,7.903303267228508,1142.3636363636363
1000,26.4,1.1,0.0,6.0,-8.083422824584861,8.083422824584861,952.9696969696969
