volume,aspiration_rate,dispense_rate,delay_aspirate,delay_dispense,%error,abs-err,oo
1000,15.300819329040612,6.99074902864526,2.621163976768905,4.509257962731809,-6.727269104234148,6.727269104234148,215.53258721795999
1000,5.015603010944878,5.499834860788532,0.9244934510810805,0.4625188847896998,-7.454291728716439,7.454291728716439,382.5884746003898
1000,26.4,8.644672904128912,0.7802516644640979,3.5415604288429052,-7.751331361278068,7.751331361278068,157.8787767047709
1000,13.44033619959842,15.766265714672036,0.8397045757823074,2.4061053399672216,-7.759028309728905,7.759028309728905,141.07527074910564
1000,4.4,1.1,0.0,6.0,-7.833666291710355,7.833666291710355,1142.3636363636363
