volume,aspiration_rate,dispense_rate,delay_aspirate,delay_dispense,%error,abs-err,oo
1000,34.56590094027542,47.29853372912514,4.314901860928639,2.9467136005955843,-1.375411501548311,1.375411501548311,57.334165404783946
1000,21.62715006329291,41.399867924398926,4.297889165621835,0.9595592479879776,-3.92560622069056,3.92560622069056,75.65029218525645
1000,54.18676955674692,62.27609418775009,3.9161273280712097,3.6758153923441945,-3.92560622069056,3.92560622069056,42.10415806228714
1000,20.233464783104075,41.10153494000887,4.788756611534585,2.6561887314020853,-3.92560622069056,3.92560622069056,81.19800960002469
1000,59.127720233445196,41.76962579451437,5.69182666631166,4.587931226601247,-3.92560622069056,3.92560622069056,51.133140740222494
