volume,aspiration_rate,dispense_rate,delay_aspirate,delay_dispense,%error,abs-err,oo
1000,34.56590094027542,47.29853372912514,4.314901860928639,2.9467136005955843,-2.78398807836905,2.78398807836905,57.334165404783946
1000,48.14923361416081,8.260925868990848,1.7030163851650242,5.701143362291575,-7.3992927437269325,7.3992927437269325,149.22472882333142
1000,27.844340498107414,10.002718768155997,5.641011436678324,5.907515484534359,-7.3992927437269325,7.3992927437269325,147.4352875635158
1000,56.35749609806003,55.23601017822424,5.646666628594196,1.7897827616789488,-7.3992927437269325,7.3992927437269325,43.28444954307091
1000,66.0,44.91397909573088,3.551770492264327,1.4071217823329039,-7.3992927437269325,7.3992927437269325,42.3751904654546
