volume,aspiration_rate,dispense_rate,delay_aspirate,delay_dispense,%error,abs-err,oo
1000,15.300819329040612,6.99074902864526,2.621163976768905,4.509257962731809,-8.209215328104033,8.209215328104033,215.53258721795999
1000,11.531319654349904,7.292409706934173,4.168531063111615,3.563414398044143,-4.931780540247407,4.931780540247407,231.5811721810005
1000,12.623631389601464,7.03317574211184,5.927971719100005,4.59597570115797,-8.347445142099977,8.347445142099977,231.92373625372474
1000,14.08565791740968,3.218280059458684,4.273981088332576,2.5671809450269176,-7.91137872648318,7.91137872648318,388.5603387365557
1000,8.618762301683077,3.5232176250365708,3.850502425815502,1.2629645624758672,-8.32265729687302,8.32265729687302,404.97086657182507
