volume,aspiration_rate,dispense_rate,delay_aspirate,delay_dispense,%error,abs-err,oo
1000,15.300819329040612,6.99074902864526,2.621163976768905,4.509257962731809,-8.086749682976878,8.086749682976878,215.53258721795999
1000,11.531319654349904,7.292409706934173,4.168531063111615,3.563414398044143,-4.849973003191076,4.849973003191076,231.5811721810005
1000,14.08565791740968,3.218280059458684,4.273981088332576,2.5671809450269176,-7.755761715063873,7.755761715063873,388.5603387365557
1000,8.59606589033955,3.5354370817907905,3.1936522487650967,1.2424643310978578,-8.092426961728027,8.092426961728027,403.61886170636603
1000,7.539013736714384,1.118362830468043,2.6719999193128574,3.899532174251571,-8.08871516098415,8.08871516098415,1033.3790720675202
