volume,aspiration_rate,dispense_rate,delay_aspirate,delay_dispense,%error,abs-err,oo
1000,46.67519551393694,66.0,2.7514454372560033,5.94316543241193,-1.1551846460598074,1.1551846460598074,45.27078185795201
1000,65.29322383400267,47.350200400301766,5.847784494061961,5.8728967319032055,-1.0417525470218896,1.0417525470218896,48.15544099423147
1000,34.56590094027542,47.29853372912514,4.314901860928639,2.9467136005955843,-1.2284862829075398,1.2284862829075398,57.334165404783946
1000,27.640219967445,35.58718157259364,4.099577480538599,5.500192042460534,-1.78052560033936,1.78052560033936,73.87893722915416
1000,31.55907847400366,19.688028948528313,5.927971719100005,4.59597570115797,-2.120137353747201,2.120137353747201,93.00283686225447
