volume,aspiration_rate,dispense_rate,delay_aspirate,delay_dispense,%error,abs-err,oo
1000,64.8221249320957,62.57616478078247,5.626224534706941,5.927658448258951,0.1377627725327102,0.1377627725327102,42.961240049884594
1000,35.75817002296289,65.02017001244664,5.99524718316956,5.988963436277212,0.6924630211637754,0.6924630211637754,55.32969044354936
1000,34.56590094027542,47.29853372912514,4.314901860928639,2.9467136005955843,-0.7918231655699459,0.7918231655699459,57.334165404783946
1000,27.640219967445,35.58718157259364,4.099577480538599,5.500192042460534,-0.4026934376989064,0.4026934376989064,73.87893722915416
1000,31.55907847400366,19.688028948528313,5.927971719100005,4.59597570115797,-1.131608788759625,1.131608788759625,93.00283686225447
