volume,aspiration_rate,dispense_rate,delay_aspirate,delay_dispense,%error,abs-err,oo
1000,65.7623487715482,62.96881519371338,5.922871075025075,5.909830669001992,-0.1007891305939741,0.1007891305939741,42.91984812699522
1000,35.75817002296289,65.02017001244664,5.99524718316956,5.988963436277212,0.24764906308603907,0.24764906308603907,55.32969044354936
1000,34.56590094027542,47.29853372912514,4.314901860928639,2.9467136005955843,-0.9467770756825474,0.9467770756825474,57.334165404783946
1000,27.640219967445,35.58718157259364,4.099577480538599,5.500192042460534,-0.8598823698193752,0.8598823698193752,73.87893722915416
1000,31.55907847400366,19.688028948528313,5.927971719100005,4.59597570115797,-1.4224823187804703,1.4224823187804703,93.00283686225447
