volume,aspiration_rate,dispense_rate,delay_aspirate,delay_dispense,%error,abs-err,oo
1000,50.50426191851338,51.68782847784508,1.6122042072828884,2.7128121301375785,-0.4825227175325255,0.4825227175325255,43.47224003354117
1000,49.728275627828125,53.47812576771443,1.577307578126058,4.964657489891243,-0.23177474780053076,0.23177474780053076,45.350482949154554
1000,52.27082876217667,47.45089623795213,3.070580251597018,2.7856083344200084,-0.46995138971963635,0.46995138971963635,46.06173573919922
1000,52.45273810966623,38.033359044385406,1.322541247302718,4.085717208607887,-1.7145778271972953,1.7145778271972953,50.765748029871645
1000,38.064662723578834,50.28793163945468,2.1463735128541312,2.5032596881520264,-1.7144715713632832,1.7144715713632832,50.806205249927686
