volume,aspiration_rate,dispense_rate,delay_aspirate,delay_dispense,%error,abs-err,oo
1000,4.903584471109779,4.292747480427797,4.019015568693815,2.960788264684566,2.7928955709490166,2.7928955709490166,443.8632971822076
1000,4.4,4.886918552385177,6.0,6.0,7.33726585503,7.33726585503,443.900651655041
1000,21.494984159245732,1.1,5.790948935484443,5.798687736452376,7.338434320634193,7.338434320634193,967.2030271283353
1000,15.715943344963403,2.1373584930522913,0.721117397830095,4.632438077927331,7.3388421925403495,7.3388421925403495,536.850438195046
1000,4.4,1.1,0.0,0.0,7.341154795627958,7.341154795627958,1136.3636363636363
