volume,aspiration_rate,dispense_rate,delay_aspirate,delay_dispense,%error,abs-err,oo
1000,4.903584471109779,4.292747480427797,4.019015568693815,2.960788264684566,10.411727030883073,10.411727030883073,443.8632971822076
1000,14.846810006257055,7.310482613946171,2.841862909631924,0.794034669453762,10.425128510263601,10.425128510263601,207.78030823924712
1000,15.715943344963403,2.1373584930522913,0.721117397830095,4.632438077927331,10.425248876366604,10.425248876366604,536.850438195046
1000,26.4,26.4,0.0,6.0,10.425251831804053,10.425251831804053,81.75757575757576
1000,26.4,26.105850430355428,6.0,6.0,10.425251831804061,10.425251831804061,88.1843777567264
