volume,aspiration_rate,dispense_rate,delay_aspirate,delay_dispense,%error,abs-err,oo
1000,17.791566941930355,10.168211608112369,4.288091977437061,1.5839990954840886,9.878663004065938,9.878663004065938,160.42420609101458
1000,25.626896152106262,22.133941443616454,0.6169634334574217,0.015208174614595563,9.878663004065938,9.878663004065938,84.83315600137455
1000,25.75814739669265,26.385027425536844,3.1267577465357372,5.9662640054039215,9.878663004065938,9.878663004065938,85.81597232816551
1000,26.30407883060643,26.005035973369484,0.7564621735838308,3.40504646065253,9.878663004065938,9.878663004065938,80.63251657073732
1000,4.5410221936963175,20.343044773763076,0.38793037216387993,2.6132279997778602,9.878663004065938,9.878663004065938,272.3727435651368
