volume,aspiration_rate,dispense_rate,delay_aspirate,delay_dispense,%error,abs-err,oo
1000,63.293558408548776,65.29779715491404,5.949448198398582,4.9766285851824055,0.2638738605413833,0.2638738605413833,42.039925188248816
1000,38.25204832260153,19.58657376415171,2.621163976768905,4.509257962731809,-0.2773142271478377,0.2773142271478377,84.32819455424341
1000,28.82829913587476,20.307936255712157,4.168531063111615,3.563414398044143,-0.12102649753285832,0.12102649753285832,91.66191553181346
1000,65.2432654263259,6.053191178396565,5.328148613550588,5.943835161655041,0.16693829461224485,0.16693829461224485,191.8013536773516
1000,11.276092025936935,5.549558537747709,5.9052125621213225,5.852144830968678,0.32645414019829166,0.32645414019829166,280.63507744854456
