volume,aspiration_rate,dispense_rate,delay_aspirate,delay_dispense,%error,abs-err,oo
1000,13.826360376110168,18.579386832179605,4.314901860928639,2.9467136005955843,-10.936995250819969,10.936995250819969,133.41031868464742
1000,6.692753379916826,24.74629425106667,1.9288374408372229,0.0,-12.316849817118445,12.316849817118445,191.75426507911672
1000,10.003197708753687,3.0877265178509083,5.929969800113044,1.6837989965386941,-12.316849817118445,12.316849817118445,431.44468104912534
1000,19.78950850789129,3.713986965463048,5.841983179778323,5.48326383063597,-12.316849817118445,12.316849817118445,331.1094988257537
1000,24.11313993279242,7.456908059641002,1.1755531904233467,6.0,-12.316849817118445,12.316849817118445,182.75055727641694
