volume,aspiration_rate,dispense_rate,delay_aspirate,delay_dispense,%error,abs-err,oo
1000,5.7988798520837745,20.06943015732739,1.2585006968641048,3.0013152744353446,-11.753090659542126,11.753090659542126,226.5339386922695
1000,11.547352605294677,24.949337892961452,6.0,3.2567626018000153,-11.753090659542126,11.753090659542126,135.93792286764403
1000,20.052222085303658,18.17149147170741,4.301000463203585,3.6136780216405855,-11.753090659542126,11.753090659542126,112.81571932762404
1000,24.555136366153697,24.322615455291526,1.437123096137788,5.305135141883225,-11.753090659542126,11.753090659542126,88.58093486561415
1000,16.133883607634687,18.825722366810442,4.549346595127953,1.319506117260457,-11.753090659542126,11.753090659542126,120.96902135145292
