volume,aspiration_rate,dispense_rate,delay_aspirate,delay_dispense,%error,abs-err,oo
1000,5.7988798520837745,20.06943015732739,1.2585006968641048,3.0013152744353446,-7.568333815465109,7.568333815465109,226.5339386922695
1000,20.148704483333148,13.460300264495878,0.15112527822673494,4.35507270287004,-9.175824175904765,9.175824175904765,128.4297282408406
1000,20.102141029581357,23.37197553589342,4.918454789348595,4.338356046161861,-9.175824175904765,9.175824175904765,101.78904046483763
1000,20.106977479926016,24.311386143967464,4.506642954624524,4.339645355098423,-9.175824175904765,9.175824175904765,99.71325739218165
1000,15.24588262699808,2.8895683670270493,3.251355608900562,3.752532815271382,-9.175824175904765,9.175824175904765,418.6678166089803
