volume,aspiration_rate,dispense_rate,delay_aspirate,delay_dispense,%error,abs-err,oo
1000,5.7988798520837745,20.06943015732739,1.2585006968641048,3.0013152744353446,-8.245363778069466,8.245363778069466,226.5339386922695
1000,20.106645634337077,7.297373342840466,4.3542504347063264,4.326750591572354,-10.3002899879243,10.3002899879243,195.45141004265363
1000,9.039657326654922,24.478616066382628,1.2872871715442313,4.861947635252253,-10.3002899879243,10.3002899879243,157.62487986928144
1000,20.998262309766666,12.76603870110387,0.4530998953028106,4.262637904837812,-10.3002899879243,10.3002899879243,130.67156083705456
1000,21.107308037156017,24.412284051175973,3.5886180812962634,5.274188151194539,-10.3002899879243,10.3002899879243,97.2027459950235
