volume,aspiration_rate,dispense_rate,delay_aspirate,delay_dispense,%error,abs-err,oo
1000,34.56590094027542,47.29853372912514,4.314901860928639,2.9467136005955843,-1.0967367315087957,1.0967367315087957,57.334165404783946
1000,60.68669603358815,5.5,5.192861813552721,5.323385184223149,-3.3801314578643904,3.3801314578643904,208.81250499012495
1000,14.869960035587328,39.127911154837385,0.0,4.712381327170166,-3.3801314578643904,3.3801314578643904,97.51926150416354
1000,61.75514543798033,58.43990081864547,1.5756171893013415,4.429155427514711,-3.3801314578643904,3.3801314578643904,39.30935174956903
1000,49.3963485920934,5.5,6.0,2.1202860385734104,-3.3801314578643904,3.3801314578643904,210.18287920500745
