volume,aspiration_rate,dispense_rate,delay_aspirate,delay_dispense,%error,abs-err,oo
1000,13.826360376110168,18.579386832179605,4.314901860928639,2.9467136005955843,-10.700618507370494,10.700618507370494,133.41031868464742
1000,20.908331504870667,18.643102063143616,3.070580251597018,2.7856083344200084,-12.028388274988645,12.028388274988645,107.32315467695494
1000,15.18576164469114,21.50913932889151,0.07040414327440629,2.7455187658786895,-12.028388277999989,12.028388277999989,115.15894651576708
1000,21.34649216254995,25.60418257384643,0.4712570797533404,3.762207270870543,-12.028388278000007,12.028388278000007,90.13568767226326
1000,8.418699922758083,26.4,3.887924663564792,5.689029255155184,-12.028388278000007,12.028388278000007,166.23892793967246
