volume,aspiration_rate,dispense_rate,delay_aspirate,delay_dispense,%error,abs-err,oo
1000,65.98456714932293,39.1729812988802,5.9279094573497035,0.8725356509830464,-2.290852869566936,2.290852869566936,47.483303166564454
1000,65.98229654105145,43.77672664017715,4.302328977255754,5.745152872578156,-2.4792235555913336,2.4792235555913336,48.046250322889065
1000,66.0,31.140730248793584,5.252666478059359,3.2712306689723194,-2.2674761804806978,2.2674761804806978,55.78769714256524
1000,50.19676339956846,34.49630593605452,3.9666881157403253,3.197963329284084,-1.8031906696825892,1.8031906696825892,56.074865779928
1000,34.56590094027542,47.29853372912514,4.314901860928639,2.9467136005955843,-1.5523527150705787,1.5523527150705787,57.334165404783946
