volume,aspiration_rate,dispense_rate,delay_aspirate,delay_dispense,%error,abs-err,oo
1000,51.69147440303796,54.538353841037036,5.785191579994345,1.0164524988375114,-0.34709667075840267,0.34709667075840267,44.48291429751943
1000,52.27082876217667,47.45089623795213,3.070580251597018,2.7856083344200084,-0.4699507361148756,0.4699507361148756,46.06173573919922
1000,38.064662723578834,50.28793163945468,2.1463735128541312,2.5032596881520264,-1.7144715459633977,1.7144715459633977,50.806205249927686
1000,49.94641996100555,37.351270308825946,4.696652985548761,4.798347883838515,-1.7161573791789175,1.7161573791789175,56.28930701971844
1000,34.56590094027542,47.29853372912514,4.314901860928639,2.9467136005955843,-1.7285237739814852,1.7285237739814852,57.334165404783946
