volume,aspiration_rate,dispense_rate,delay_aspirate,delay_dispense,%error,abs-err,oo
1000,13.826360376110168,18.579386832179605,4.314901860928639,2.9467136005955843,-9.34751233678078,9.34751233678078,133.41031868464742
1000,26.4,5.181418876197798,5.594148174699755,4.776636154336867,-10.831616300567767,10.831616300567767,241.24690052531713
1000,26.4,21.476057179292347,1.8983051123551724,4.789868504397057,-10.831616300567767,10.831616300567767,91.1304434071184
1000,5.296248958720003,1.137254129149261,4.298739573487312,4.228359462906379,-10.831616300567767,10.831616300567767,1076.6509177869739
1000,4.4,1.1,6.0,6.0,-10.831616300567767,10.831616300567767,1148.3636363636363
