volume,aspiration_rate,dispense_rate,delay_aspirate,delay_dispense,%error,abs-err,oo
1000,13.826360376110168,18.579386832179605,4.314901860928639,2.9467136005955843,-8.870080691641936,8.870080691641936,133.41031868464742
1000,26.4,2.0531449000965862,2.0174291124871555,0.9575858093889232,-10.008394383528694,10.008394383528694,527.911486821386
1000,4.4,24.390223876743015,5.847835755770783,1.485848309590864,-10.008394383528694,10.008394383528694,275.6064450013115
1000,26.4,21.37694634998004,4.679661557569945,5.458230114075524,-10.008394383528694,10.008394383528694,94.79604567823081
1000,26.4,14.577789611972781,0.3041292540391215,0.267915270021309,-10.008394383528694,10.008394383528694,107.04833769121501
