volume,aspiration_rate,dispense_rate,delay_aspirate,delay_dispense,%error,abs-err,oo
1000,13.826360376110168,18.579386832179605,4.314901860928639,2.9467136005955843,-8.825871457946825,8.825871457946825,133.41031868464742
1000,4.4,24.57342483649985,0.23636795573152097,2.940526264902604,-9.610297110386652,9.610297110386652,271.1439897653273
1000,26.218954388178005,4.412068870397453,0.18473991076303148,5.856745799084547,-9.610297110386652,9.610297110386652,270.83287245740195
1000,5.990385673442043,13.986173391533681,4.516570931440201,0.0020135687037450283,-9.610297110386652,9.610297110386652,242.95192950975726
1000,6.490968393025611,23.21042636493936,4.0073567661691545,0.04334546897276216,-9.610297110386652,9.610297110386652,201.1950051216323
