volume,aspiration_rate,dispense_rate,delay_aspirate,delay_dispense,%error,abs-err,oo
1000,13.826360376110168,18.579386832179605,4.314901860928639,2.9467136005955843,-16.01419414,16.01419414,133.41031868464742
1000,4.994670161140592,1.2210894129321956,5.424391219937453,5.815509239935486,-16.01419414,16.01419414,1030.394170078863
1000,4.4,1.1,6.0,0.0,-16.01419414,16.01419414,1142.3636363636363
1000,4.4,2.304808294543086,3.6413153826242928,0.6695726343805173,-16.01419414,16.01419414,665.4591798508375
1000,4.4,1.1,6.0,6.0,-16.01419414,16.01419414,1148.3636363636363
