volume,aspiration_rate,dispense_rate,delay_aspirate,delay_dispense,%error,abs-err,oo
1000,11.531319654349904,7.292409706934173,4.168531063111615,3.563414398044143,-4.325216107825546,4.325216107825546,231.5811721810005
1000,12.623631389601464,7.03317574211184,5.927971719100005,4.59597570115797,-6.66904634921375,6.66904634921375,231.92373625372474
1000,14.08565791740968,3.218280059458684,4.273981088332576,2.5671809450269176,-5.832798375712168,5.832798375712168,388.5603387365557
1000,4.646126866591013,1.1227248480790266,5.119524646124474,5.155100122714431,-6.4765340361243044,6.4765340361243044,1116.1978453252605
1000,4.89198091583346,1.1010730837074254,2.2849880676915664,2.5934786311653255,-6.075539098770937,6.075539098770937,1117.4995635361881
