volume,aspiration_rate,dispense_rate,delay_aspirate,delay_dispense,%error,abs-err,oo
1000,26.050190161787768,13.142547929950192,4.797455285326616,3.4062316212453934,-9.280217572627201,9.280217572627201,122.67986928085966
1000,26.300612311914882,7.926859700963675,3.0532277885891608,4.04586706528466,-9.289652480446422,9.289652480446422,171.2743851483708
1000,11.531319654349904,7.292409706934173,4.168531063111615,3.563414398044143,-6.011449246750317,6.011449246750317,231.5811721810005
1000,4.672707711233828,14.783489216739827,3.8208536323761972,4.0549311054439805,-9.28617421453164,9.28617421453164,289.5274924353893
1000,14.08565791740968,3.218280059458684,4.273981088332576,2.5671809450269176,-9.27979610058769,9.27979610058769,388.5603387365557
