volume,aspiration_rate,dispense_rate,delay_aspirate,delay_dispense,%error,abs-err,oo
1000,15.300819329040612,6.99074902864526,2.621163976768905,4.509257962731809,-8.597755249796691,8.597755249796691,215.53258721795999
1000,11.531319654349904,7.292409706934173,4.168531063111615,3.563414398044143,-4.513839327605843,4.513839327605843,231.5811721810005
1000,4.4,9.59018927619675,4.22653567875196,4.26464292143615,-7.791523154252092,7.791523154252092,340.03713460699703
1000,14.08565791740968,3.218280059458684,4.273981088332576,2.5671809450269176,-8.28955660701588,8.28955660701588,388.5603387365557
1000,4.4,1.1,1.4117636149702,3.2641027678400287,-8.117035969979016,8.117035969979016,1141.0395027464465
