volume,aspiration_rate,dispense_rate,delay_aspirate,delay_dispense,%error,abs-err,oo
1000,15.300819329040612,6.99074902864526,2.621163976768905,4.509257962731809,-7.683503527506478,7.683503527506478,215.53258721795999
1000,11.531319654349904,7.292409706934173,4.168531063111615,3.563414398044143,-4.619685044019545,4.619685044019545,231.5811721810005
1000,14.08565791740968,3.218280059458684,4.273981088332576,2.5671809450269176,-7.291519097930972,7.291519097930972,388.5603387365557
1000,5.4233165604221245,1.111349157233227,3.359862936793374,3.4212236957434343,-6.43904248901554,6.43904248901554,1090.9773258306639
1000,5.402619186811696,1.1100832195924062,3.9800098370968198,2.6731339884524727,-6.971618974314863,6.971618974314863,1092.581914411067
