volume,aspiration_rate,dispense_rate,delay_aspirate,delay_dispense,%error,abs-err,oo
1000,13.826360376110168,18.579386832179605,4.314901860928639,2.9467136005955843,-9.615384615787548,9.615384615787548,133.41031868464742
1000,26.39015353828099,2.311638685440455,5.828768467633937,0.12656045554797116,-9.615384615787548,9.615384615787548,476.4418061816561
1000,4.824197621675425,1.6627230984190546,5.908965356799296,5.334181089748112,-9.615384615787548,9.615384615787548,819.954555396981
1000,4.576308099373108,25.86891454672778,5.998131637597403,0.02877916905216283,-9.615384615787548,9.615384615787548,263.2001012047593
1000,4.5311558286666225,25.73981477319764,0.4654634326867274,5.78892343249744,-9.615384615787548,9.615384615787548,265.79894706596434
