volume,aspiration_rate,dispense_rate,delay_aspirate,delay_dispense,%error,abs-err,oo
1000,20.10599254891177,24.416170752792183,4.523720113793911,4.339739963477731,-10.527319902588523,10.527319902588523,99.55633884866378
1000,17.39440317972487,12.014927626213684,4.976458123036869,3.5489449894627096,-10.527319902588523,10.527319902588523,149.2449574818472
1000,20.998262309766666,12.76603870110387,0.4530998953028106,4.262637904837812,-10.527319902588523,10.527319902588523,130.67156083705456
1000,15.24588262699808,2.8895683670270493,3.251355608900562,3.752532815271382,-10.527319902588523,10.527319902588523,418.6678166089803
1000,13.525781904280135,18.68673659420051,2.180554737560765,4.123823057864273,-10.527319902588523,10.527319902588523,133.7511488133621
