volume,aspiration_rate,dispense_rate,delay_aspirate,delay_dispense,%error,abs-err,oo
1000,34.56590094027542,47.29853372912514,4.314901860928639,2.9467136005955843,-1.7285579618316382,1.7285579618316382,57.334165404783946
1000,46.47564040628421,5.820621274805367,5.590685725616328,1.2649529620744122,-3.9336369929197406,3.9336369929197406,200.17525296726856
1000,11.96869990076394,5.74101841510816,4.105132853614398,3.106863630004055,-3.9336369929197406,3.9336369929197406,264.9483832660579
1000,32.1476328957684,64.7184111471584,0.10237637126265733,3.6304044919765603,-3.9336369929197406,3.9336369929197406,50.290823823267864
1000,11.0,5.5,6.0,6.0,-3.9336369929197406,3.9336369929197406,284.72727272727275
