volume,aspiration_rate,dispense_rate,delay_aspirate,delay_dispense,%error,abs-err,oo
1000,34.56590094027542,47.29853372912514,4.314901860928639,2.9467136005955843,-1.4321346427845345,1.4321346427845345,57.334165404783946
1000,12.486405601321382,5.787700647638663,5.424391848354291,5.815510157505914,-4.861623616715867,4.861623616715867,264.1071878475627
1000,35.573815242810134,66.0,5.979996326408332,5.738979949854305,-4.861623616715867,4.861623616715867,54.981055143658985
1000,11.0,5.5,6.0,0.0,-4.861623616715867,4.861623616715867,278.72727272727275
1000,11.0,5.5,6.0,6.0,-4.861623616715867,4.861623616715867,284.72727272727275
