volume,aspiration_rate,dispense_rate,delay_aspirate,delay_dispense,%error,abs-err,oo
1000,34.56590094027542,47.29853372912514,4.314901860928639,2.9467136005955843,-1.7702627939691256,1.7702627939691256,57.334165404783946
1000,11.164389514633882,6.094683422626098,1.5568522558599645,3.3837999899848943,-3.736162361890117,3.736162361890117,258.5885878392439
1000,11.96869990076394,5.74101841510816,4.105132853614398,3.106863630004055,-3.736162361890117,3.736162361890117,264.9483832660579
1000,11.6112903266834,5.6745409101874165,4.552628522247185,1.520522573001506,-3.736162361890117,3.736162361890117,268.42193356897036
1000,12.181104308994705,36.22950541733226,0.31124103673181913,0.048296963645093186,-3.736162361890117,3.736162361890117,110.05571316429368
