volume,aspiration_rate,dispense_rate,delay_aspirate,delay_dispense,%error,abs-err,oo
1000,34.56590094027542,47.29853372912514,4.314901860928639,2.9467136005955843,-1.5352378727557197,1.5352378727557197,57.334165404783946
1000,11.016729920107212,51.87111012557532,1.8945527040519794,0.9351419648764863,-4.06233526655245,4.06233526655245,112.8792857881608
1000,65.88404375150529,21.79655380724406,5.378590701585299,0.43264552893611696,-4.06233526655245,4.06233526655245,66.86823038321506
1000,38.394869441257086,27.568574598632434,5.925226808276922,1.8543399565321455,-4.06233526655245,4.06233526655245,70.0978980397468
1000,11.61531716647753,5.554342028015063,5.119524646124474,5.155100122714431,-4.06233526655245,4.06233526655245,276.4071668145136
