volume,aspiration_rate,dispense_rate,delay_aspirate,delay_dispense,%error,abs-err,oo
1000,34.56590094027542,47.29853372912514,4.314901860928639,2.9467136005955843,-1.3545813238339237,1.3545813238339237,57.334165404783946
1000,48.148056153670346,8.260928443919532,1.7030167649086603,5.701152571864096,-3.6064345021448307,3.6064345021448307,149.22520858083132
1000,27.843354827246976,10.002718771434251,5.641011439104617,5.907513344814385,-3.6064345021448307,3.6064345021448307,147.4365567677326
1000,56.358419884459565,55.23600986289285,5.646666910998701,1.7897994282646992,-3.6064345021448307,3.6064345021448307,43.284175750773045
1000,66.0,44.91397528022534,3.5517700140870723,1.4070651144495137,-3.6064345021448307,3.6064345021448307,42.37513521081868
