volume,aspiration_rate,dispense_rate,delay_aspirate,delay_dispense,%error,abs-err,oo
1000,34.56590094027542,47.29853372912514,4.314901860928639,2.9467136005955843,-5.875230627252928,5.875230627252928,57.334165404783946
1000,57.94777157842213,13.575234279605478,6.0,0.25387038030042597,-10.505073801937264,10.505073801937264,97.17434312229022
1000,65.69972181466818,45.719851104858165,0.9545401365320543,1.1619034119174987,-10.505073801937264,10.505073801937264,39.209545345874616
1000,43.1962212025393,59.69354379778756,3.758484037793471,2.2385913403547564,-10.505073801937264,10.505073801937264,45.899478937219136
1000,61.43301769958013,43.4957141731198,3.903763613264724,1.934981693136702,-10.505073801937264,10.505073801937264,45.107407768453285
