volume,aspiration_rate,dispense_rate,delay_aspirate,delay_dispense,%error,abs-err,oo
1000,11.531319654349904,7.292409706934173,4.168531063111615,3.563414398044143,-3.788145423548645,3.788145423548645,231.5811721810005
1000,5.402619186811696,1.1100832195924062,3.9800098370968198,2.6731339884524727,-7.1906093970434055,7.1906093970434055,1092.581914411067
1000,14.08565791740968,3.218280059458684,4.273981088332576,2.5671809450269176,-7.642100698466173,7.642100698466173,388.5603387365557
1000,4.4,1.1,6.0,3.927654962849217,-7.723248293427114,7.723248293427114,1146.2912913264854
1000,15.300819329040612,6.99074902864526,2.621163976768905,4.509257962731809,-7.76760831103487,7.76760831103487,215.53258721795999
