volume,aspiration_rate,dispense_rate,delay_aspirate,delay_dispense,%error,abs-err,oo
1000,10.760190505582232,8.261171620852396,4.355336691216966,5.717881906273714,-9.471048729336061,9.471048729336061,224.05658165254636
1000,11.531319654349904,7.292409706934173,4.168531063111615,3.563414398044143,-8.654345155216241,8.654345155216241,231.5811721810005
1000,13.387682915027641,6.45217231005582,2.3275108496722803,4.760555668727894,-9.357745528427525,9.357745528427525,236.77015264535743
1000,5.015603010944878,5.499834860788532,0.9244934510810805,0.4625188847896998,-9.450376662877892,9.450376662877892,382.5884746003898
1000,14.08565791740968,3.218280059458684,4.273981088332576,2.5671809450269176,-9.276099413982033,9.276099413982033,388.5603387365557
