volume,aspiration_rate,dispense_rate,delay_aspirate,delay_dispense,%error,abs-err,oo
1000,11.056087986978,13.681912293993705,4.099577480538599,5.500192042460534,-6.656701337133109,6.656701337133109,173.1368731352929
1000,11.531319654349904,7.292409706934173,4.168531063111615,3.563414398044143,-6.737593292618474,6.737593292618474,231.5811721810005
1000,12.623631389601464,7.03317574211184,5.927971719100005,4.59597570115797,-7.916182488217544,7.916182488217544,231.92373625372474
1000,4.4,9.776113229665357,2.920997919979724,3.3619887208060284,-6.419075307813463,6.419075307813463,335.8458548424791
1000,14.08565791740968,3.218280059458684,4.273981088332576,2.5671809450269176,-8.153917648076934,8.153917648076934,388.5603387365557
