volume,aspiration_rate,dispense_rate,delay_aspirate,delay_dispense,%error,abs-err,oo
1000,34.56590094027542,47.29853372912514,4.314901860928639,2.9467136005955843,-1.1267739752746881,1.1267739752746881,57.334165404783946
1000,28.155367799741974,48.24943752294997,3.4596830108415726,1.9096667047851001,-3.7114446004640382,3.7114446004640382,61.61218599258134
1000,38.064662723578834,50.28793163945468,2.1463735128541312,2.5032596881520264,-3.7114522067246867,3.7114522067246867,50.806205249927686
1000,52.27082876217667,47.45089623795213,3.070580251597018,2.7856083344200084,-3.711452293385414,3.711452293385414,46.06173573919922
1000,31.53400225001643,39.9490881462918,3.5159377961292497,0.9083748339601109,-3.711452293436999,3.711452293436999,61.167973960957774
