volume,aspiration_rate,dispense_rate,delay_aspirate,delay_dispense,%error,abs-err,oo
1000,4.903584471109779,4.292747480427797,4.019015568693815,2.960788264684566,1.6602985916985906,1.6602985916985906,443.8632971822076
1000,4.4,1.1,0.0,0.0,-3.5001099861841873,3.5001099861841873,1136.3636363636363
1000,26.4,1.1,6.0,0.0,-3.508726775052832,3.508726775052832,952.9696969696969
1000,4.4,26.4,6.0,6.0,-3.5584803781963394,3.5584803781963394,277.1515151515151
1000,4.4,26.4,0.0,0.0,-3.569556596626347,3.569556596626347,265.1515151515151
