volume,aspiration_rate,dispense_rate,delay_aspirate,delay_dispense,%error,abs-err,oo
1000,4.903584471109779,4.292747480427797,4.019015568693815,2.960788264684566,0.6468678342439844,0.6468678342439844,443.8632971822076
1000,18.195702880024108,2.4360782929194746,3.4591980616506217,1.6142286349699355,-4.3886460283070585,4.3886460283070585,470.5272954174176
1000,26.4,1.1,6.0,6.0,-4.708802162917383,4.708802162917383,958.9696969696969
1000,4.4,1.1,0.0,0.0,-4.87360245233996,4.87360245233996,1136.3636363636363
1000,4.4,26.4,6.0,6.0,-4.970924975971951,4.970924975971951,277.1515151515151
