volume,aspiration_rate,dispense_rate,delay_aspirate,delay_dispense,%error,abs-err,oo
1000,4.903584471109779,4.292747480427797,4.019015568693815,2.960788264684566,1.2911736264559486,1.2911736264559486,443.8632971822076
1000,17.900238460250442,1.1,3.3095095904246303,6.0,-3.558339031230375,3.558339031230375,974.2655962442258
1000,26.4,1.1,6.0,6.0,-3.995370957696605,3.995370957696605,958.9696969696969
1000,26.4,1.1,6.0,0.0,-4.082232829088117,4.082232829088117,952.9696969696969
1000,4.4,26.4,0.0,0.0,-4.156689455489705,4.156689455489705,265.1515151515151
