volume,aspiration_rate,dispense_rate,delay_aspirate,delay_dispense,%error,abs-err,oo
1000,14.846810006257055,7.310482613946171,2.841862909631924,0.794034669453762,-8.288897563982262,8.288897563982262,207.78030823924712
1000,4.903584471109779,4.292747480427797,4.019015568693815,2.960788264684566,-8.330583717879499,8.330583717879499,443.8632971822076
1000,18.360173871103576,2.020306663903192,4.981782395718443,4.797800188701272,-8.372456542852886,8.372456542852886,559.2196587304546
1000,23.490519590730052,12.26542752476241,5.030542507453697,5.9236330810983855,-8.467381504834828,8.467381504834828,135.05451592999336
1000,5.828126401412397,6.006755858486562,0.557747454472032,1.673973483272962,-8.468378843304501,8.468378843304501,340.29266411383344
