volume,aspiration_rate,dispense_rate,delay_aspirate,delay_dispense,%error,abs-err,oo
1000,4.903584471109779,4.292747480427797,4.019015568693815,2.960788264684566,-6.450569181724566,6.450569181724566,443.8632971822076
1000,4.453172543778107,7.027398914995024,3.1577153971736696,1.758753984174109,-6.5439922692123895,6.5439922692123895,371.7756368112081
1000,12.103801425356973,1.1,6.0,6.0,-7.137838758015711,7.137838758015711,1003.7095810979564
1000,26.4,1.1,3.590756973362979,6.0,-7.330379318619835,7.330379318619835,956.5604539430599
1000,15.715943344963403,2.1373584930522913,0.721117397830095,4.632438077927331,-7.414411654792144,7.414411654792144,536.850438195046
