volume,aspiration_rate,dispense_rate,delay_aspirate,delay_dispense,%error,abs-err,oo
1000,17.791566941930355,10.168211608112369,4.288091977437061,1.5839990954840886,-9.426510989413922,9.426510989413922,160.42420609101458
1000,25.703404117905556,2.83566736600746,0.36229237464497743,5.87096375758701,-9.426510989413922,9.426510989413922,397.7892799507267
1000,23.553506605626218,1.1093893588496375,5.973944885117202,0.10778432742213664,-9.426510989413922,9.426510989413922,949.935036183516
1000,25.968768341529227,25.970159792687813,5.563907269700877,0.0169386857925149,-9.426510989413922,9.426510989413922,82.59437215946738
1000,4.948174291003082,25.690922915560385,0.1033991554804197,5.640118072864949,-9.426510989413922,9.426510989413922,246.762511519385
