volume,aspiration_rate,dispense_rate,delay_aspirate,delay_dispense,%error,abs-err,oo
1000,17.94379843541699,6.038089402713615,4.138432510280352,5.577439684595221,-9.554334554603175,9.554334554603175,231.06073467768292
1000,5.698474353129583,25.630184538869774,4.281304380713222,3.574064369668018,-9.554334554603175,9.554334554603175,222.35743153360312
1000,17.761102704632215,13.665548100635018,1.936974379197653,3.1152523201222193,-9.554334554603175,9.554334554603175,134.53175815857543
1000,19.219938775370366,22.030497797584793,4.391000195078846,5.442660044521943,-9.554334554603175,9.554334554603175,107.25458299978567
1000,14.999159019013375,10.162989447092231,5.308874378137085,4.88402560664824,-9.554334554603175,9.554334554603175,175.2595495967507
