volume,aspiration_rate,dispense_rate,delay_aspirate,delay_dispense,%error,abs-err,oo
1000,4.903584471109779,4.292747480427797,4.019015568693815,2.960788264684566,-0.7064919021216038,0.7064919021216038,443.8632971822076
1000,19.329506095331777,1.1,3.7865903029592656,0.0,-5.31586635298757,5.31586635298757,964.61187869296
1000,26.4,1.1,4.490499188388858,6.0,-5.563925682310343,5.563925682310343,957.4601961580858
1000,4.4,1.1,0.0,1.0408340855860843e-17,-5.879408210436904,5.879408210436904,1136.3636363636363
1000,15.715943344963403,2.1373584930522913,0.721117397830095,4.632438077927331,-6.076063995258759,6.076063995258759,536.850438195046
