volume,aspiration_rate,dispense_rate,delay_aspirate,delay_dispense,%error,abs-err,oo
1000,35.2141447935242,10.565452316096852,4.273981088332576,2.5671809450269176,0.25165689090622334,0.25165689090622334,129.88694279473322
1000,11.646139457884747,5.659167834218234,0.12381252064753515,4.315125360630058,-0.564508441084052,0.564508441084052,267.0087268911153
1000,13.511624199990383,5.9525270817113265,5.3167285088790095,0.13383428917120435,-0.5654205185828913,0.5654205185828913,247.45678587258328
1000,34.56590094027542,47.29853372912514,4.314901860928639,2.9467136005955843,-0.6230942683871169,0.6230942683871169,57.334165404783946
1000,38.25204832260153,19.58657376415171,2.621163976768905,4.509257962731809,0.7794286532674382,0.7794286532674382,84.32819455424341
