volume,aspiration_rate,dispense_rate,delay_aspirate,delay_dispense,%error,abs-err,oo
1000,11.028031104601979,42.815639106835874,0.2241753446729014,5.973796843465571,-0.2926861305001527,0.2926861305001527,120.2319416391422
1000,11.056903455161315,24.397458133051416,0.09042464898998051,5.408160542550879,-0.4389222708806376,0.4389222708806376,136.92769631571338
1000,35.2141447935242,10.565452316096852,4.273981088332576,2.5671809450269176,0.5629488293845892,0.5629488293845892,129.88694279473322
1000,11.0,5.5,0.0,6.0,0.6795006214246895,0.6795006214246895,278.72727272727275
1000,34.56590094027542,47.29853372912514,4.314901860928639,2.9467136005955843,-0.7013158800714261,0.7013158800714261,57.334165404783946
