volume,aspiration_rate,dispense_rate,delay_aspirate,delay_dispense,%error,abs-err,oo
1000,11.373608918266756,44.219662114291154,0.03351154337165952,5.773481540960321,-0.22140800239534508,0.22140800239534508,116.34420785096482
1000,35.2141447935242,10.565452316096852,4.273981088332576,2.5671809450269176,0.4862206811917331,0.4862206811917331,129.88694279473322
1000,34.56590094027542,47.29853372912514,4.314901860928639,2.9467136005955843,-0.6937705532630923,0.6937705532630923,57.334165404783946
1000,11.0,66.0,0.0,6.0,-0.9098682490795622,0.9098682490795622,112.06060606060606
1000,11.0,5.5,0.0,6.0,1.005140481478887,1.005140481478887,278.72727272727275
