volume,aspiration_rate,dispense_rate,delay_aspirate,delay_dispense,%error,abs-err,oo
1000,11.0,5.5,6.0,6.0,-1.9786968703627696,1.9786968703627696,284.72727272727275
1000,11.276092025936935,5.549558537747709,5.9052125621213225,5.852144830968678,-1.9786968703633483,1.9786968703633483,280.63507744854456
1000,11.0654987449922,5.647576535595344,0.9266957614937041,2.6517216226510003,-1.9786968703634937,1.9786968703634937,271.0165006213555
1000,11.100119784059535,5.7383316681371035,2.882952910260132,0.28230404190908176,-1.9786968703637728,1.9786968703637728,267.5210533693231
1000,11.299361206886472,5.788636198569623,5.21256353571377,2.8642960239797812,-1.9786968703639318,1.9786968703639318,269.3297002348891
