liquid,pipette,volume,aspiration_rate,dispense_rate,blow_out_rate,delay_aspirate,delay_dispense,delay_blow_out,touch_tip_aspirate,touch_tip_dispense,density,time,mi,mf,m,%error,Transfer_Observation,Comment
Viscosity_std_1275,p1000,1000.0,22.0,11.0,0.0,3.0,3.0,0.0,True,False,0.8736,149.3391342163086,19.9636,20.6973,0.7336999999999989,-16.014194139194267,Incomplete Aspiration,No comment
Viscosity_std_1275,p1000,1000.0,22.00000000000001,6.600000000000001,0.0,3.3000000000000016,3.7500000000000018,0.0,True,False,0.8736,215.96152329444885,24.877,25.6736,0.7966000000000015,-8.814102564102393,incomplete aspiration,
Viscosity_std_1275,p1000,1000.0,17.600000000000005,10.450000000000005,0.0,2.400000000000001,2.5500000000000007,0.0,True,False,0.8736,168.23133277893066,25.6736,26.4615,0.7879000000000005,-9.809981684981633,incomplete aspiration and dispense,
