liquid,pipette,volume,aspiration_rate,dispense_rate,blow_out_rate,delay_aspirate,delay_dispense,delay_blow_out,touch_tip_aspirate,touch_tip_dispense,density,time,mi,mf,m,%error,Transfer_Observation,Comment
Viscosity_std_5882,p1000,1000.0,12.6,6.0,0.0,3.0,3.0,0.0,True,False,0.8819,263.2012016773224,20.0833,20.5277,0.44439999999999813,-49.60879918358111,Incomplete Dispense,
Viscosity_std_5882,p1000,1000.0,8.190000000000001,4.500000000000002,0.0,3.1500000000000012,2.8500000000000014,0.0,True,False,0.8819,387.21806740760803,23.6247,24.2057,0.5809999999999995,-34.11951468420462,incomplete aspiration and dispense,
Viscosity_std_5882,p1000,1000.0,15.750000000000007,3.6000000000000005,0.0,3.450000000000002,2.8500000000000014,0.0,True,False,0.8819,390.824250459671,24.2057,24.7272,0.5214999999999996,-40.866311373171605,incomplete aspiration and dispense,
