volume,aspiration_rate,dispense_rate,delay_aspirate,delay_dispense,%error,abs-err,oo
1000,20.217689706739037,11.554785918309511,4.288091977437061,1.5839990954840886,3.740912855073504,3.740912855073504,141.87795228884335
1000,21.44320425241784,11.64574450992105,4.333192323754753,1.581039587604486,4.425099787448236,4.425099787448236,138.41732895887623
1000,19.479380717068786,10.806986782604643,4.1717106018646986,1.6978654472913237,4.442237925584788,4.442237925584788,149.73864124514103
1000,20.69834086603406,11.268477267747985,3.9895189520442447,1.7770326722867011,4.444219131849528,4.444219131849528,142.82273777875272
1000,20.1989102905287,10.65917491515556,4.432186296613686,1.3129926270664845,4.444442397237301,4.444442397237301,149.06869190897916
