volume,aspiration_rate,dispense_rate,delay_aspirate,delay_dispense,%error,abs-err,oo
1000,20.217689706739037,11.554785918309511,4.288091977437061,1.5839990954840886,6.3134892529399975,6.3134892529399975,141.87795228884335
1000,28.533280395023525,27.902363872964465,5.94298833309206,0.06142052508171682,6.3134892529399975,6.3134892529399975,76.89046022029254
1000,5.187189338023444,2.175940424759035,5.796534951112092,5.932733980579439,6.3134892529399975,6.3134892529399975,664.0833042000801
1000,21.84083951746632,25.03465658816454,4.391000195078846,5.442660044521943,6.3134892529399975,6.3134892529399975,95.56407226856349
1000,17.044498885242472,11.548851644422992,5.308874378137085,4.88402560664824,6.3134892529399975,6.3134892529399975,155.45155164331484
