volume,aspiration_rate,dispense_rate,delay_aspirate,delay_dispense,%error,abs-err,oo
1000,20.217689706739037,11.554785918309511,4.288091977437061,1.5839990954840886,3.761233239588365,3.761233239588365,141.87795228884335
1000,6.475539037647253,29.12520970326111,4.281304380713222,3.574064369668018,4.379281833669681,4.379281833669681,196.61718399961654
1000,20.183071255263883,15.529031932539795,1.936974379197653,3.1152523201222193,4.379281833669681,4.379281833669681,118.99421438346477
1000,21.84083951746632,25.03465658816454,4.391000195078846,5.442660044521943,4.379281833669681,4.379281833669681,95.56407226856349
1000,17.044498885242472,11.548851644422992,5.308874378137085,4.88402560664824,4.379281833669681,4.379281833669681,155.45155164331484
