volume,aspiration_rate,dispense_rate,delay_aspirate,delay_dispense,%error,abs-err,oo
1000,20.217689706739037,11.554785918309511,4.288091977437061,1.5839990954840886,3.735111436003805,3.735111436003805,141.87795228884335
1000,6.475539037647253,29.12520970326111,4.281304380713222,3.574064369668018,4.294301388964751,4.294301388964751,196.61718399961654
1000,20.183071255263883,15.529031932539795,1.936974379197653,3.1152523201222193,4.294301388964751,4.294301388964751,118.99421438346477
1000,21.84083951746632,25.03465658816454,4.391000195078846,5.442660044521943,4.294301388964751,4.294301388964751,95.56407226856349
1000,19.194807120873136,12.68756927659217,4.4868837830231705,1.4830518214139734,4.294301388964751,4.294301388964751,136.88466296488082
