volume,aspiration_rate,dispense_rate,delay_aspirate,delay_dispense,%error,abs-err,oo
1000,20.217689706739037,11.554785918309511,4.288091977437061,1.5839990954840886,3.762279899721785,3.762279899721785,141.87795228884335
1000,6.475539037647253,29.12520970326111,4.281304380713222,3.574064369668018,4.689345618492326,4.689345618492326,196.61718399961654
1000,24.870389654242445,12.757884612124867,4.283641026680469,1.7773001943584015,4.689345618492326,4.689345618492326,124.65229899188448
1000,21.84083951746632,25.03465658816454,4.391000195078846,5.442660044521943,4.689345618492326,4.689345618492326,95.56407226856349
1000,20.176960240283755,5.303625372689753,4.296341082374147,1.392771381439712,4.689345618492326,4.689345618492326,243.80086265263094
