volume,aspiration_rate,dispense_rate,delay_aspirate,delay_dispense,%error,abs-err,oo
1000,52.27082876217667,47.45089623795213,3.070580251597018,2.7856083344200084,-3.895112448615176,3.895112448615176,46.06173573919922
1000,38.064662723578834,50.28793163945468,2.1463735128541312,2.5032596881520264,-5.30843226665623,5.30843226665623,50.806205249927686
1000,34.56590094027542,47.29853372912514,4.314901860928639,2.9467136005955843,-3.4381094550459514,3.4381094550459514,57.334165404783946
1000,33.60084049899605,40.57150496986792,0.8397045757823074,2.4061053399672216,-6.247007585916588,6.247007585916588,57.65481111723914
1000,27.640219967445,35.58718157259364,4.099577480538599,5.500192042460534,-6.6473965090996066,6.6473965090996066,73.87893722915416
