volume,aspiration_rate,dispense_rate,delay_aspirate,delay_dispense,%error,abs-err,oo
1000,52.27082876217667,47.45089623795213,3.070580251597018,2.7856083344200084,-3.352377954781346,3.352377954781346,46.06173573919922
1000,34.56590094027542,47.29853372912514,4.314901860928639,2.9467136005955843,-2.0068671925089006,2.0068671925089006,57.334165404783946
1000,33.60084049899605,40.57150496986792,0.8397045757823074,2.4061053399672216,-4.198591292203538,4.198591292203538,57.65481111723914
1000,27.640219967445,35.58718157259364,4.099577480538599,5.500192042460534,-4.434247481644575,4.434247481644575,73.87893722915416
1000,11.167390062568543,42.53177591629023,5.786391902527154,5.572576792922432,-4.452403894168525,4.452403894168525,124.41723923415469
