volume,aspiration_rate,dispense_rate,delay_aspirate,delay_dispense,%error,abs-err,oo
1000,34.56590094027542,47.29853372912514,4.314901860928639,2.9467136005955843,-1.5546620055430682,1.5546620055430682,57.334165404783946
1000,48.14775045639324,8.260929285547434,1.7030168887552724,5.701146710379156,-4.963099631476011,4.963099631476011,149.22532237758196
1000,50.4773017966899,49.73646292708482,4.200664558956125,2.9314743031557846,-4.963099631476011,4.963099631476011,47.048996833486854
1000,38.16487312089467,5.5,5.892953816292534,3.850122957682644,-4.963099631476011,4.963099631476011,217.76336325610558
1000,24.01920138045581,39.434947675208605,2.9540083255831995,5.214171906250203,-4.963099631476011,4.963099631476011,75.15975581857126
