volume,aspiration_rate,dispense_rate,delay_aspirate,delay_dispense,%error,abs-err,oo
1000,34.56590094027542,47.29853372912514,4.314901860928639,2.9467136005955843,-1.868199395611895,1.868199395611895,57.334165404783946
1000,30.50258130010826,46.37443261787812,2.8100625696575903,3.934928423626543,-5.869464901300726,5.869464901300726,61.092707769760054
1000,38.064662723578834,50.28793163945468,2.1463735128541312,2.5032596881520264,-5.8694649450954985,5.8694649450954985,50.806205249927686
1000,45.66468044230064,47.53818935909283,2.22919054034276,1.7763142373988656,-5.869464945248824,5.869464945248824,46.93998660530582
1000,52.27082876217667,47.45089623795213,3.070580251597018,2.7856083344200084,-5.869464945249067,5.869464945249067,46.06173573919922
