volume,aspiration_rate,dispense_rate,delay_aspirate,delay_dispense,%error,abs-err,oo
1000,34.56590094027542,47.29853372912514,4.314901860928639,2.9467136005955843,-1.3451251113342515,1.3451251113342515,57.334165404783946
1000,48.14923691391037,8.260928510647977,1.703016774896085,5.701169898299717,-3.358189832164819,3.358189832164819,149.2247156161361
1000,27.84402473497873,10.00271878111964,5.641011464491042,5.90751929126453,-3.358189832164819,3.358189832164819,147.43569854791662
1000,56.358408775323205,55.23600982125295,5.646666949001032,1.7897676161594356,-3.358189832164819,3.358189832164819,43.284147487858604
1000,37.291088184186194,49.74756512132204,4.210188925088165,5.823059426072541,-3.358189832164819,3.358189832164819,56.95079311536798
