volume,aspiration_rate,dispense_rate,delay_aspirate,delay_dispense,%error,abs-err,oo
1000,34.56590094027542,47.29853372912514,4.314901860928639,2.9467136005955843,-1.3266825396776314,1.3266825396776314,57.334165404783946
1000,59.876993654900794,56.81850070591795,2.5320095388587482,0.2979891293964477,-3.581930350853317,3.581930350853317,37.13080517880119
1000,33.631895659458294,66.0,0.0,0.2518880550907458,-3.581930350853317,3.581930350853317,45.13708251286796
1000,39.841040204175755,59.17451577970149,0.33747619956824504,1.1217555407541324,-3.581930350853317,3.581930350853317,43.458144593115165
1000,66.0,5.5,6.0,1.4913055529583796,-3.581930350853317,3.581930350853317,204.46100252265535
