volume,aspiration_rate,dispense_rate,delay_aspirate,delay_dispense,%error,abs-err,oo
1000,34.56590094027542,47.29853372912514,4.314901860928639,2.9467136005955843,-1.3410157052221083,1.3410157052221083,57.334165404783946
1000,17.77918749859913,59.58894322632832,1.2688972303438233,0.0,-3.8959541384554512,3.8959541384554512,74.29607389693768
1000,53.55231338420049,66.0,3.6788481252870193,2.7427503609992567,-3.8959541384554512,3.8959541384554512,40.24644326271787
1000,12.110635345871724,43.70687256901613,0.028406522213298636,4.806995022365988,-3.8959541384554512,3.8959541384554512,110.28714956494868
1000,64.13010273131215,29.25696013437532,0.6821333039187834,3.3940602396687165,-3.8959541384554512,3.8959541384554512,53.849395588166054
