volume,aspiration_rate,dispense_rate,delay_aspirate,delay_dispense,%error,abs-err,oo
1000,34.56590094027542,47.29853372912514,4.314901860928639,2.9467136005955843,-1.319246029651223,1.319246029651223,57.334165404783946
1000,38.064662723578834,50.28793163945468,2.1463735128541312,2.5032596881520264,-3.3351054295231624,3.3351054295231624,50.806205249927686
1000,52.27082876217667,47.45089623795213,3.070580251597018,2.7856083344200084,-3.335126977597525,3.335126977597525,46.06173573919922
1000,41.73469765303982,43.36709130127568,1.8534419889246962,4.988223624837242,-3.3351270989020634,3.3351270989020634,53.86150309682323
1000,33.60084049899605,40.57150496986792,0.8397045757823074,2.4061053399672216,-3.335127101320922,3.335127101320922,57.65481111723914
