volume,aspiration_rate,dispense_rate,delay_aspirate,delay_dispense,%error,abs-err,oo
1000,13.134399637859847,8.339705114193743,5.222835305005423,3.2014346743784827,-9.396945910159493,9.396945910159493,204.46853688607075
1000,9.000155505581771,10.219296135143344,3.0271005166315437,3.0919296397794156,-7.240996107348929,7.240996107348929,215.082318940563
1000,11.531319654349904,7.292409706934173,4.168531063111615,3.563414398044143,-5.921028650288046,5.921028650288046,231.5811721810005
1000,14.08565791740968,3.218280059458684,4.273981088332576,2.5671809450269176,-9.601264513258567,9.601264513258567,388.5603387365557
1000,20.608970777284057,1.1,3.8083600381769895,4.221934822141386,-9.659215295982555,9.659215295982555,965.6437629284197
