volume,aspiration_rate,dispense_rate,delay_aspirate,delay_dispense,%error,abs-err,oo
1000,39.28985836240851,7.980639874690262,0.721117397830095,4.632438077927331,0.2982836182120865,0.2982836182120865,156.10865191913607
1000,37.11702501564264,20.3511540768278,2.841862909631924,0.794034669453762,-0.40524938983567704,0.40524938983567704,79.71497450212966
1000,51.854045534785946,18.705806656144397,2.8403008998854506,1.870164210445577,-0.8974093988940481,0.8974093988940481,77.45469934471812
1000,44.85949608854247,17.30847465866299,4.138432510280352,5.577439684595221,-1.4239646391387737,1.4239646391387737,89.7828625793848
1000,43.43237886479009,21.941799762742658,5.0834407655707,4.659479724560976,-1.89843463353058,1.89843463353058,78.34233054663459
