volume,aspiration_rate,dispense_rate,delay_aspirate,delay_dispense,%error,abs-err,oo
1000,20.810930299485925,23.158364723052063,5.845742403570212,2.1066258066795482,2.132434367272576,2.132434367272576,99.18498219634981
1000,13.746198044163705,38.95146703023705,5.537332218852628,3.246969975545812,-2.3306151657666434,2.3306151657666434,107.2046639936323
1000,37.11702501564264,20.3511540768278,2.841862909631924,0.794034669453762,-3.298695687384594,3.298695687384594,79.71497450212966
1000,12.258961177774447,13.134830931457778,4.019015568693815,2.960788264684566,3.4132841328413406,3.4132841328413406,164.6862347016827
1000,22.230420679094717,42.5862226466056,5.582518278262167,2.2660884224946996,-4.061636273890867,4.061636273890867,76.31378364030564
