volume,aspiration_rate,dispense_rate,delay_aspirate,delay_dispense,%error,abs-err,oo
1000,12.258961177774447,13.134830931457778,4.019015568693815,2.960788264684566,1.6102986654086973,1.6102986654086973,164.6862347016827
1000,39.28985836240851,7.980639874690262,0.721117397830095,4.632438077927331,-3.9166702394532535,3.9166702394532535,156.10865191913607
1000,30.638683944453646,20.432928848732413,1.919780591113883,3.7857946565276515,-4.8769904006566716,4.8769904006566716,87.28466276510358
1000,37.11702501564264,20.3511540768278,2.841862909631924,0.794034669453762,-6.493029983004912,6.493029983004912,79.71497450212966
1000,17.27970092000545,40.71879195480069,0.19364251056166323,3.5129519286406063,-6.627009374950742,6.627009374950742,86.13665180326488
