volume,aspiration_rate,dispense_rate,delay_aspirate,delay_dispense,%error,abs-err,oo
1000,21.040535598844784,18.954636367739724,3.9906303740469458,1.6064646319481222,-0.6825460312221843,0.6825460312221843,105.88194297052465
1000,20.810930299485925,23.158364723052063,5.845742403570212,2.1066258066795482,-1.135980809219589,1.135980809219589,99.18498219634981
1000,39.28985836240851,7.980639874690262,0.721117397830095,4.632438077927331,-2.2070612230203386,2.2070612230203386,156.10865191913607
1000,13.746198044163705,38.95146703023705,5.537332218852628,3.246969975545812,-3.1604344443761017,3.1604344443761017,107.2046639936323
1000,30.638683944453646,20.432928848732413,1.919780591113883,3.7857946565276515,-3.2466707717004635,3.2466707717004635,87.28466276510358
