volume,aspiration_rate,dispense_rate,delay_aspirate,delay_dispense,%error,abs-err,oo
1000,50.19131233881752,60.25313550499409,4.934802334902219,5.357098865752552,-0.7040118305121996,0.7040118305121996,46.81231461013291
1000,51.99422286765983,36.66087540640908,5.842101406369418,5.68033413490696,-0.8588632114732526,0.8588632114732526,58.03237702501111
1000,34.56590094027542,47.29853372912514,4.314901860928639,2.9467136005955843,-1.5486688112684748,1.5486688112684748,57.334165404783946
1000,27.640219967445,35.58718157259364,4.099577480538599,5.500192042460534,-1.5694026392757612,1.5694026392757612,73.87893722915416
1000,38.25204832260153,19.58657376415171,2.621163976768905,4.509257962731809,-1.5704202505997173,1.5704202505997173,84.32819455424341
