volume,aspiration_rate,dispense_rate,delay_aspirate,delay_dispense,%error,abs-err,oo
1000,34.56590094027542,47.29853372912514,4.314901860928639,2.9467136005955843,-1.3857464859794395,1.3857464859794395,57.334165404783946
1000,31.71891646976364,5.5,1.2027522094521599,1.2278651297754024,-4.320418204581792,4.320418204581792,215.77572729044508
1000,17.925943934071803,66.0,3.353966326229651,2.5311266392021734,-4.320418204581792,4.320418204581792,76.8216760429546
1000,49.391009089074444,63.39730475346346,2.0640059249222222,1.5527794767355951,-4.320418204581792,4.320418204581792,39.63692653175713
1000,63.99495120854373,37.417770197792954,5.122777852349615,0.0,-4.320418204581792,4.320418204581792,47.47428026179327
