volume,aspiration_rate,dispense_rate,delay_aspirate,delay_dispense,%error,abs-err,oo
1000,34.56590094027542,47.29853372912514,4.314901860928639,2.9467136005955843,-2.6784189123587305,2.6784189123587305,57.334165404783946
1000,35.251249919175265,11.090210877351872,5.694571866353586,0.32802085205190445,-7.322416974969246,7.322416974969246,124.55999209493366
1000,63.70868482335536,56.990949095741335,5.89998314535298,2.7429394996732555,-7.322416974969246,7.322416974969246,41.88601556943489
1000,12.110635294340796,43.706872623040994,0.028406512283627165,4.806766679573446,-7.322416974969246,7.322416974969246,110.28692153529077
1000,54.01273866831842,29.749900788345286,5.55225057370032,6.0,-7.322416974969246,7.322416974969246,63.6799590547464
