volume,aspiration_rate,dispense_rate,delay_aspirate,delay_dispense,%error,abs-err,oo
1000,34.56590094027542,47.29853372912514,4.314901860928639,2.9467136005955843,-1.3192775051721197,1.3192775051721197,57.334165404783946
1000,11.697407964387276,30.959099907256665,5.310090547377334,6.0,-3.1399907751475973,3.1399907751475973,129.09979605681912
1000,52.4441758231838,60.43030290305134,4.38644581653216,4.730248544326008,-3.1399907751475973,3.1399907751475973,44.73257784051389
1000,26.467617777305154,59.765641375685824,2.251397331479594,4.897625556265292,-3.1399907751475973,3.1399907751475973,61.66306202083522
1000,55.70574053067373,40.21453108386152,4.318778293021169,2.7427775487863864,-3.1399907751475973,3.1399907751475973,49.87966045391355
