volume,aspiration_rate,dispense_rate,delay_aspirate,delay_dispense,%error,abs-err,oo
1000,34.56590094027542,47.29853372912514,4.314901860928639,2.9467136005955843,-5.745502767238258,5.745502767238258,57.334165404783946
1000,35.250998906176434,11.090210877044377,5.694571871878989,0.3280165498250751,-10.418588562084869,10.418588562084869,124.56018980021797
1000,63.70868482094991,56.99094910066431,5.899983144887381,2.7429404452303245,-10.418588562084869,10.418588562084869,41.886016513603295
1000,12.11063529434834,43.70687262303781,0.02840651228410244,4.806766753859117,-10.418588562084869,10.418588562084869,110.28692160952717
1000,54.012738568200696,29.74990022366463,5.552250636492348,6.0,-10.418588562084869,10.418588562084869,63.67995978987261
