volume,aspiration_rate,dispense_rate,delay_aspirate,delay_dispense,%error,abs-err,oo
1000,11.531319654349904,7.292409706934173,4.168531063111615,3.563414398044143,-3.6126402374252393,3.6126402374252393,231.5811721810005
1000,5.050937186136253,1.1915062483460275,5.565466030208583,3.0499481081223117,-6.199186604872688,6.199186604872688,1045.872293636197
1000,12.623631389601464,7.03317574211184,5.927971719100005,4.59597570115797,-6.389066087412405,6.389066087412405,231.92373625372474
1000,17.573449376458314,1.1,6.0,3.357369498600958,-6.552309187081887,6.552309187081887,975.3523034384743
1000,14.08565791740968,3.218280059458684,4.273981088332576,2.5671809450269176,-6.667219641025235,6.667219641025235,388.5603387365557
