volume,aspiration_rate,dispense_rate,delay_aspirate,delay_dispense,%error,abs-err,oo
1000,13.826360376110168,18.579386832179605,4.314901860928639,2.9467136005955843,-10.279351600538327,10.279351600538327,133.41031868464742
1000,25.055402137644762,2.8405167536096236,5.014920122860469,1.537599683886012,-10.84478021986081,10.84478021986081,398.51269126869784
1000,25.760033083579387,26.4,1.3082799636707427,5.907046057148301,-10.84478021986081,10.84478021986081,83.91393981968486
1000,22.68385899989275,5.963564236995252,0.0,3.827787788945641,-10.84478021986081,10.84478021986081,215.59695250235606
1000,10.998645492094976,21.702209155734884,6.0,3.6554965938403248,-10.84478021986081,10.84478021986081,146.65404150051012
