volume,aspiration_rate,dispense_rate,delay_aspirate,delay_dispense,%error,abs-err,oo
1000,13.826360376110168,18.579386832179605,4.314901860928639,2.9467136005955843,-16.01419414,16.01419414,133.41031868464742
1000,4.994670161140592,1.2210894129321956,5.424391219937453,5.815509239935486,-16.01419414,16.01419414,1030.394170078863
1000,26.383155697147387,1.2322398210435435,0.42099807246773324,0.028244584499266708,-16.01419414,16.01419414,849.8825534578323
1000,4.776403371055926,25.489967627256057,5.0985017106687165,0.09471656431556211,-16.01419414,16.01419414,253.78689128629392
1000,9.947407289082015,9.007216735430102,4.231388783023022,2.7685004697084254,-16.01419414,16.01419414,218.5506839759781
