volume,aspiration_rate,dispense_rate,delay_aspirate,delay_dispense,%error,abs-err,oo
1000,13.826360376110168,18.579386832179605,4.314901860928639,2.9467136005955843,-10.12992315580107,10.12992315580107,133.41031868464742
1000,26.4,4.180231256124429,3.123604332643061,2.8537177120203214,-10.848786630137367,10.848786630137367,283.07732490645174
1000,26.4,24.844992890667598,0.32646139589665946,2.775544779901987,-10.848786630137367,10.848786630137367,81.23035276448759
1000,9.269196416425881,8.363840905062677,1.3331765211130435,0.022105470829449032,-10.848786630137367,10.848786630137367,228.80179262135442
1000,22.752306933528132,5.597583918547382,1.6471032261942582,0.0,-10.848786630137367,10.848786630137367,224.24719556922875
