volume,aspiration_rate,dispense_rate,delay_aspirate,delay_dispense,%error,abs-err,oo
1000,13.826360376110168,18.579386832179605,4.314901860928639,2.9467136005955843,-10.706908921488786,10.706908921488786,133.41031868464742
1000,4.678948087512914,11.746564874893565,5.310081475748792,6.0,-11.893315018516489,11.893315018516489,310.16460441595353
1000,25.258716825491376,14.160888868469206,0.01354183491751238,1.7543527516313646,-11.893315018516489,11.893315018516489,111.9752236589474
1000,7.85181144049419,2.623009790021766,4.8291274247849065,1.4031008160042238,-11.893315018516489,11.893315018516489,514.8328030501444
1000,21.07471108691169,14.820679784743932,1.2668016807026152,0.27096919422751153,-11.893315018516489,11.893315018516489,116.46129448266977
