volume,aspiration_rate,dispense_rate,delay_aspirate,delay_dispense,%error,abs-err,oo
1000,13.826360376110168,18.579386832179605,4.314901860928639,2.9467136005955843,-10.38259648499375,10.38259648499375,133.41031868464742
1000,16.834156840212877,26.4,1.0531306612681022,4.669166821791231,-11.28090659354091,11.28090659354091,103.00411988812851
1000,8.269146330607805,11.435976416450135,6.0,5.855220578033974,-11.28090659354091,11.28090659354091,220.23003026159458
1000,7.936484931297269,8.528790126589044,5.194872751623109,5.242531962558155,-11.28090659354091,11.28090659354091,253.6876946313471
1000,5.4742523996368755,1.2881202890949108,1.9200923204744835,2.0523377727292016,-11.28090659354091,11.28090659354091,962.9707884642345
