volume,aspiration_rate,dispense_rate,delay_aspirate,delay_dispense,%error,abs-err,oo
1000,26.4,21.316063919408993,5.1967209935784355,4.072981309297951,-12.43589743605861,12.43589743605861,94.06146641314697
1000,13.826360376110168,18.579386832179605,4.314901860928639,2.9467136005955843,-10.499155602809958,10.499155602809958,133.41031868464742
1000,26.4,4.8846944542193285,5.314664104549054,1.553187884505831,-12.43589743605861,12.43589743605861,249.46773539843718
1000,4.556105165737374,11.772624715055011,0.013246723543056452,2.0621453848803544,-12.43589743605861,12.43589743605861,306.5039320449469
1000,25.55810849366263,1.8275969288137275,2.0948487945271523,5.8452779638382975,-12.43589743605861,12.43589743605861,594.2332541490862
