volume,aspiration_rate,dispense_rate,delay_aspirate,delay_dispense,%error,abs-err,oo
1000,13.826360376110168,18.579386832179605,4.314901860928639,2.9467136005955843,-10.515548536931506,10.515548536931506,133.41031868464742
1000,26.4,9.192077944969428,5.188025210001676,5.929730932618736,-13.317021520247255,13.317021520247255,157.7858739190374
1000,26.4,5.099966175968591,5.495128004349674,3.3174145723612485,-13.317021520247255,13.317021520247255,242.77106226079437
1000,4.4,11.738474645085324,3.105869548053206,0.1890754689760868,-13.317021520247255,13.317021520247255,315.7576164890807
1000,4.64451613067336,1.1729898351692833,4.552628522247185,1.520522573001506,-13.317021520247255,13.317021520247255,1073.9031393295386
