volume,aspiration_rate,dispense_rate,delay_aspirate,delay_dispense,%error,abs-err,oo
1000,13.826360376110168,18.579386832179605,4.314901860928639,2.9467136005955843,-11.229697905348777,11.229697905348777,133.41031868464742
1000,26.4,5.041840213652236,0.07910014066629965,0.28893608315850094,-13.209706959908429,13.209706959908429,236.587104163891
1000,4.465755805853553,1.3486857949163684,1.5568522558599645,3.3837999899848943,-13.209706959908429,13.209706959908429,970.3294568018647
1000,4.4,1.1,6.0,0.0,-13.209706959908429,13.209706959908429,1142.3636363636363
1000,4.4,1.1,6.0,6.0,-13.209706959908429,13.209706959908429,1148.3636363636363
