volume,aspiration_rate,dispense_rate,delay_aspirate,delay_dispense,%error,abs-err,oo
1000,44.47891735482588,27.1848538454861,4.288091977437061,1.5839990954840886,-1.7269313501301342,1.7269313501301342,65.13984217927623
1000,11.0,5.5,0.0,5.4236989567585585,-5.744926199741698,5.744926199741698,278.15097168403133
1000,11.0,5.5,0.0,4.266694538715537,-5.744926199741698,5.744926199741698,276.99396726598826
1000,62.24084199628303,29.603283170392604,5.794385722522325,5.595316721938632,-5.744926199741698,5.744926199741698,61.23636011037779
1000,66.0,66.0,3.070403663126843,6.0,-5.744926199741698,5.744926199741698,39.37343396615715
