volume,aspiration_rate,dispense_rate,delay_aspirate,delay_dispense,%error,abs-err,oo
1000,44.47891735482588,27.1848538454861,4.288091977437061,1.5839990954840886,-1.1605129274458728,1.1605129274458728,65.13984217927623
1000,16.2683008079237,42.23061194338507,0.9975547568847049,0.19992547425381202,-4.004266605465866,4.004266605465866,86.34622021414047
1000,59.94480132701248,65.04652938234915,2.483020987377197,0.0244870905470023,-4.004266605465866,4.004266605465866,34.56313221911855
1000,49.14338820623392,18.096908216511565,6.0,6.0,-4.004266605465866,4.004266605465866,87.6066750988474
1000,32.17002349247856,16.89784216954982,3.110511699547801,0.3999708926557697,-4.004266605465866,4.004266605465866,93.77447532667115
