volume,aspiration_rate,dispense_rate,delay_aspirate,delay_dispense,%error,abs-err,oo
1000,44.47891735482588,27.1848538454861,4.288091977437061,1.5839990954840886,-4.929658735781394,4.929658735781394,65.13984217927623
1000,34.11400081929947,21.052520418708127,5.318945941170419,0.5325581395966607,-8.948339484194344,8.948339484194344,82.66523252071303
1000,25.496565762790908,5.5,6.0,6.0,-8.948339484194344,8.948339484194344,233.0391502146149
1000,40.32759840318765,39.458018615075694,0.46668874379518765,0.14959224755910042,-8.948339484194344,8.948339484194344,50.75658640938251
1000,64.14612202883396,7.708935603313511,5.794780824074702,5.063326278414118,-8.948339484194344,8.948339484194344,156.16710848021356
