volume,aspiration_rate,dispense_rate,delay_aspirate,delay_dispense,%error,abs-err,oo
1000,51.69147440303796,54.538353841037036,5.785191579994345,1.0164524988375114,-0.34709645345806783,0.34709645345806783,44.48291429751943
1000,52.27082876217667,47.45089623795213,3.070580251597018,2.7856083344200084,-0.46995031710681867,0.46995031710681867,46.06173573919922
1000,38.064662723578834,50.28793163945468,2.1463735128541312,2.5032596881520264,-1.7144715296735225,1.7144715296735225,50.806205249927686
1000,49.94641996100555,37.351270308825946,4.696652985548761,4.798347883838515,-1.716157364119625,1.716157364119625,56.28930701971844
1000,34.56590094027542,47.29853372912514,4.314901860928639,2.9467136005955843,-1.7285237709573342,1.7285237709573342,57.334165404783946
