volume,aspiration_rate,dispense_rate,delay_aspirate,delay_dispense,%error,abs-err,oo
1000,50.96054793117869,34.12122858000458,0.6865269638410372,5.742204938284754,-0.48891760405893403,0.48891760405893403,55.359023099670324
1000,38.25204832260153,19.58657376415171,2.621163976768905,4.509257962731809,-0.9368366313851791,0.9368366313851791,84.32819455424341
1000,35.2141447935242,10.565452316096852,4.273981088332576,2.5671809450269176,-1.0393329132359497,1.0393329132359497,129.88694279473322
1000,49.98347027494749,65.62153026886601,1.0591545972993286,5.90507100710008,-1.0562516970933111,1.0562516970933111,42.20974063168845
1000,31.55907847400366,19.688028948528313,5.927971719100005,4.59597570115797,-1.060454510778266,1.060454510778266,93.00283686225447
