volume,aspiration_rate,dispense_rate,delay_aspirate,delay_dispense,%error,abs-err,oo
1000,52.67649854192833,35.78152793661652,3.4394429374312265,5.976750475994907,0.21992951385607395,0.21992951385607395,56.347372435367575
1000,49.824735077142655,24.379982588903555,5.890378025808187,4.788290106117631,-0.9595545726028454,0.9595545726028454,71.76627723595817
1000,38.25204832260153,19.58657376415171,2.621163976768905,4.509257962731809,-1.4099188247421957,1.4099188247421957,84.32819455424341
1000,44.90115571043694,7.832720420729746,4.635045030215845,5.255178829365769,-1.4196721343107157,1.4196721343107157,159.83092939630671
1000,49.48333946633924,5.545135423653859,4.160746953697763,2.868613566109011,-1.4413355609215015,1.4413355609215015,207.57642923229972
