volume,aspiration_rate,dispense_rate,delay_aspirate,delay_dispense,%error,abs-err,oo
1000,54.222161171632294,54.89418016983061,4.273616230090664,5.573985424989878,0.43932089161297316,0.43932089161297316,46.50711274948524
1000,50.39033433626221,38.79500898997929,3.2453912003120227,5.704382580463413,-1.252985865758828,1.252985865758828,54.571361110934745
1000,38.6557782518683,59.31877443183837,5.4486779330210116,5.930166355463541,-1.5977018154325056,1.5977018154325056,54.10626711337006
1000,38.064662723578834,50.28793163945468,2.1463735128541312,2.5032596881520264,-1.710185965650215,1.710185965650215,50.806205249927686
1000,34.56590094027542,47.29853372912514,4.314901860928639,2.9467136005955843,-1.7259795611175353,1.7259795611175353,57.334165404783946
