volume,aspiration_rate,dispense_rate,delay_aspirate,delay_dispense,%error,abs-err,oo
1000,51.854045534785946,18.705806656144397,2.8403008998854506,1.870164210445577,0.22796196302660743,0.22796196302660743,77.45469934471812
1000,37.11702501564264,20.3511540768278,2.841862909631924,0.794034669453762,0.3464662722460141,0.3464662722460141,79.71497450212966
1000,37.49789754753344,27.172366069133602,5.308874378137085,4.88402560664824,-1.2728892100868108,1.2728892100868108,73.66315690639574
1000,44.47891735482588,27.1848538454861,4.288091977437061,1.5839990954840886,-1.4601465881641988,1.4601465881641988,65.13984217927623
1000,39.28985836240851,7.980639874690262,0.721117397830095,4.632438077927331,1.6147356595432147,1.6147356595432147,156.10865191913607
