volume,aspiration_rate,dispense_rate,delay_aspirate,delay_dispense,%error,abs-err,oo
1000,39.28985836240851,7.980639874690262,0.721117397830095,4.632438077927331,-0.5822978709117645,0.5822978709117645,156.10865191913607
1000,21.040535598844784,18.954636367739724,3.9906303740469458,1.6064646319481222,0.6644121560960805,0.6644121560960805,105.88194297052465
1000,20.810930299485925,23.158364723052063,5.845742403570212,2.1066258066795482,0.9793124421633399,0.9793124421633399,99.18498219634981
1000,23.918272057271736,37.10781622472123,5.399862816806649,5.640669738202975,-1.0109125916361643,1.0109125916361643,79.79807323031864
1000,30.638683944453646,20.432928848732413,1.919780591113883,3.7857946565276515,-1.5724350936165283,1.5724350936165283,87.28466276510358
