volume,aspiration_rate,dispense_rate,delay_aspirate,delay_dispense,%error,abs-err,oo
1000,37.11702501564264,20.3511540768278,2.841862909631924,0.794034669453762,-0.147720222799971,0.147720222799971,79.71497450212966
1000,51.854045534785946,18.705806656144397,2.8403008998854506,1.870164210445577,-0.41855753720358235,0.41855753720358235,77.45469934471812
1000,39.28985836240851,7.980639874690262,0.721117397830095,4.632438077927331,1.5797970479704846,1.5797970479704846,156.10865191913607
1000,44.47891735482588,27.1848538454861,4.288091977437061,1.5839990954840886,-1.9122372178136082,1.9122372178136082,65.13984217927623
1000,12.852179908563343,13.26073245304157,2.459657932142732,5.996738951513669,2.3924820121205554,2.3924820121205554,161.67482481195375
