volume,aspiration_rate,dispense_rate,delay_aspirate,delay_dispense,%error,abs-err,oo
1000,49.57787111115029,28.285506911070165,5.494331843919645,1.511738114541635,-0.2868645754465058,0.2868645754465058,62.5301537414104
1000,37.11702501564264,20.3511540768278,2.841862909631924,0.794034669453762,0.40257955508979926,0.40257955508979926,79.71497450212966
1000,51.854045534785946,18.705806656144397,2.8403008998854506,1.870164210445577,0.4072319248017777,0.4072319248017777,77.45469934471812
1000,28.268837825870328,22.03264155278228,2.401116892372391,0.8348066170178878,-0.8083106597755727,0.8083106597755727,83.99776902264456
1000,44.47891735482588,27.1848538454861,4.288091977437061,1.5839990954840886,-1.3263750937978318,1.3263750937978318,65.13984217927623
