volume,aspiration_rate,dispense_rate,delay_aspirate,delay_dispense,%error,abs-err,oo
1000,37.11702501564264,20.3511540768278,2.841862909631924,0.794034669453762,0.48250159675402715,0.48250159675402715,79.71497450212966
1000,44.47891735482588,27.1848538454861,4.288091977437061,1.5839990954840886,-1.292883989446195,1.292883989446195,65.13984217927623
1000,44.85949608854247,17.30847465866299,4.138432510280352,5.577439684595221,1.360972389614279,1.360972389614279,89.7828625793848
1000,39.28985836240851,7.980639874690262,0.721117397830095,4.632438077927331,1.6649116526134398,1.6649116526134398,156.10865191913607
1000,30.638683944453646,20.432928848732413,1.919780591113883,3.7857946565276515,-2.0266548955345836,2.0266548955345836,87.28466276510358
