volume,aspiration_rate,dispense_rate,delay_aspirate,delay_dispense,%error,abs-err,oo
1000,12.258961177774447,13.134830931457778,4.019015568693815,2.960788264684566,1.0604008868499442,1.0604008868499442,164.6862347016827
1000,39.28985836240851,7.980639874690262,0.721117397830095,4.632438077927331,-4.324380436251717,4.324380436251717,156.10865191913607
1000,37.11702501564264,20.3511540768278,2.841862909631924,0.794034669453762,-6.834460385582366,6.834460385582366,79.71497450212966
1000,17.27970092000545,40.71879195480069,0.19364251056166323,3.5129519286406063,-6.964993004789936,6.964993004789936,86.13665180326488
1000,22.230420679094717,42.5862226466056,5.582518278262167,2.2660884224946996,-8.643227789838564,8.643227789838564,76.31378364030564
