volume,aspiration_rate,dispense_rate,delay_aspirate,delay_dispense,%error,abs-err,oo
1000,51.854045534785946,18.705806656144397,2.8403008998854506,1.870164210445577,0.4452833118786508,0.4452833118786508,77.45469934471812
1000,37.11702501564264,20.3511540768278,2.841862909631924,0.794034669453762,0.4733762888389874,0.4733762888389874,79.71497450212966
1000,44.47891735482588,27.1848538454861,4.288091977437061,1.5839990954840886,-1.3041040363089662,1.3041040363089662,65.13984217927623
1000,12.852179908563343,13.26073245304157,2.459657932142732,5.996738951513669,1.4894676102893025,1.4894676102893025,161.67482481195375
1000,39.28985836240851,7.980639874690262,0.721117397830095,4.632438077927331,1.6615458254772477,1.6615458254772477,156.10865191913607
