volume,aspiration_rate,dispense_rate,delay_aspirate,delay_dispense,%error,abs-err,oo
1000,49.57787111115029,28.285506911070165,5.494331843919645,1.511738114541635,0.17099509813763292,0.17099509813763292,62.5301537414104
1000,37.11702501564264,20.3511540768278,2.841862909631924,0.794034669453762,0.46765905495526816,0.46765905495526816,79.71497450212966
1000,37.49789754753344,27.172366069133602,5.308874378137085,4.88402560664824,-0.7443119625747838,0.7443119625747838,73.66315690639574
1000,44.47891735482588,27.1848538454861,4.288091977437061,1.5839990954840886,-1.0224274823828297,1.0224274823828297,65.13984217927623
1000,39.28985836240851,7.980639874690262,0.721117397830095,4.632438077927331,1.584821531065653,1.584821531065653,156.10865191913607
