volume,aspiration_rate,dispense_rate,delay_aspirate,delay_dispense,%error,abs-err,oo
1000,20.810930299485925,23.158364723052063,5.845742403570212,2.1066258066795482,0.018561006791397716,0.018561006791397716,99.18498219634981
1000,39.28985836240851,7.980639874690262,0.721117397830095,4.632438077927331,1.579797047970482,1.579797047970482,156.10865191913607
1000,17.27970092000545,40.71879195480069,0.19364251056166323,3.5129519286406063,-3.3322383361088415,3.3322383361088415,86.13665180326488
1000,28.268837825870328,22.03264155278228,2.401116892372391,0.8348066170178878,-3.5368774278745048,3.5368774278745048,83.99776902264456
1000,37.11702501564264,20.3511540768278,2.841862909631924,0.794034669453762,-5.085301069528903,5.085301069528903,79.71497450212966
