volume,aspiration_rate,dispense_rate,delay_aspirate,delay_dispense,%error,abs-err,oo
1000,44.47891735482588,27.1848538454861,4.288091977437061,1.5839990954840886,-0.6007356167648861,0.6007356167648861,65.13984217927623
1000,11.0,50.53714403113365,6.0,6.0,-3.5156250002998126,3.5156250002998126,122.69651695326834
1000,47.02617957972275,66.0,0.0,0.0,-3.5156250002998126,3.5156250002998126,36.41626616758941
1000,23.326681158705114,66.0,0.33829661883511886,2.385135808629608,-3.5156250002998126,3.5156250002998126,60.744312200393985
1000,60.34574443891262,54.88606920189132,5.933427604365455,5.670563688717026,-3.5156250002998126,3.5156250002998126,46.39472752476875
