volume,aspiration_rate,dispense_rate,delay_aspirate,delay_dispense,%error,abs-err,oo
1000,44.47891735482588,27.1848538454861,4.288091977437061,1.5839990954840886,-2.0671564271069105,2.0671564271069105,65.13984217927623
1000,66.0,66.0,6.0,0.0,-6.529635609455718,6.529635609455718,36.303030303030305
1000,23.108491732032526,66.0,0.2015722898556423,2.4392265107066615,-6.529635609455718,6.529635609455718,61.066449347674045
1000,66.0,66.0,6.0,6.0,-6.529635609455718,6.529635609455718,42.303030303030305
1000,66.0,66.0,6.0,6.0,-6.529635609455718,6.529635609455718,42.303030303030305
