volume,aspiration_rate,dispense_rate,delay_aspirate,delay_dispense,%error,abs-err,oo
1000,13.826360376110168,18.579386832179605,4.314901860928639,2.9467136005955843,-11.816047337224873,11.816047337224873,133.41031868464742
1000,9.102882408368972,1.3233469909159552,1.7257278944554273,1.0101293458165863,-13.21543040333334,13.21543040333334,868.2508781027759
1000,7.950201342333843,26.202641029773524,4.355779435574452,1.6857678714400604,-13.21543040333334,13.21543040333334,169.9886171284995
1000,22.462193716423144,22.466581846471936,5.726383208808955,2.490406320000824,-13.21543040333334,13.21543040333334,97.24659254574435
1000,26.20639049551135,1.1680136687574803,4.949765578716,4.10345184092851,-13.21543040333334,13.21543040333334,903.3662132422984
