volume,aspiration_rate,dispense_rate,delay_aspirate,delay_dispense,%error,abs-err,oo
1000,4.903584471109779,4.292747480427797,4.019015568693815,2.960788264684566,0.9379311048744343,0.9379311048744343,443.8632971822076
1000,17.791566941930355,10.168211608112369,4.288091977437061,1.5839990954840886,-2.3733211234554363,2.3733211234554363,160.42420609101458
1000,4.926020175944146,13.943057519184775,5.761721141356521,5.233424021399515,-2.3733211234554363,2.3733211234554363,285.71906056245854
1000,26.26962925145485,2.124687154432684,0.9833948523905491,0.5893915084496344,-2.3733211234554363,2.3733211234554363,510.2970850210733
1000,4.4,1.1,6.0,6.0,-2.3733211234554363,2.3733211234554363,1148.3636363636363
