volume,aspiration_rate,dispense_rate,delay_aspirate,delay_dispense,%error,abs-err,oo
1000,4.903584471109779,4.292747480427797,4.019015568693815,2.960788264684566,-0.07429778298109735,0.07429778298109735,443.8632971822076
1000,17.791566941930355,10.168211608112369,4.288091977437061,1.5839990954840886,-4.149496337197805,4.149496337197805,160.42420609101458
1000,26.4,18.304123288727713,4.734105009488953,5.593182625969605,-4.149496337197805,4.149496337197805,102.83857466354104
1000,26.4,5.478326372927823,0.9004741038070159,5.502228657444293,-4.149496337197805,4.149496337197805,226.818990585586
1000,4.4,1.1,6.0,3.192913776872298,-4.149496337197805,4.149496337197805,1145.5565501405085
