volume,aspiration_rate,dispense_rate,delay_aspirate,delay_dispense,%error,abs-err,oo
1000,4.903584471109779,4.292747480427797,4.019015568693815,2.960788264684566,0.6409531417431351,0.6409531417431351,443.8632971822076
1000,8.204320112906206,10.52887423016666,0.0,2.7079782240681807,-3.086080586241326,3.086080586241326,219.57189810019398
1000,17.791566941930355,10.168211608112369,4.288091977437061,1.5839990954840886,-3.086080586241761,3.086080586241761,160.42420609101458
1000,9.115313932196841,1.1,0.0,0.0,-3.086080586241761,3.086080586241761,1018.7964011275387
1000,4.4711087625341746,21.358199832110266,0.4567710061210194,4.577882256780399,-3.086080586241761,3.086080586241761,275.5132477457264
