volume,aspiration_rate,dispense_rate,delay_aspirate,delay_dispense,%error,abs-err,oo
1000,51.09281187923808,65.46212358696843,5.8061317560824826,4.779732278465016,-2.1831414958016615,2.1831414958016615,45.43409800606676
1000,66.0,21.563811419204814,6.0,6.0,-2.0255847390497252,2.0255847390497252,73.52550630548139
1000,38.25204832260153,19.58657376415171,2.621163976768905,4.509257962731809,-2.2879303808556335,2.2879303808556335,84.32819455424341
1000,31.55907847400366,19.688028948528313,5.927971719100005,4.59597570115797,-2.2816166292836835,2.2816166292836835,93.00283686225447
1000,54.76606253595924,6.4570712472941665,5.949722772288717,5.780578323243093,-2.242667199342725,2.242667199342725,184.85875845465773
