volume,aspiration_rate,dispense_rate,delay_aspirate,delay_dispense,%error,abs-err,oo
1000,65.98459908527417,60.877644756447836,5.791707698459233,4.50994096504849,-0.41553678632085567,0.41553678632085567,41.883091270636626
1000,28.82829913587476,20.307936255712157,4.168531063111615,3.563414398044143,-0.5040563735603927,0.5040563735603927,91.66191553181346
1000,33.87905219106251,7.445391566300925,0.27334817468322453,5.961707512000931,0.37166539123190834,0.37166539123190834,170.0630904529589
1000,14.00031452189638,7.051344900824467,0.9882715765981838,5.999110733074338,-0.3966649962718314,0.3966649962718314,220.2312668452606
1000,11.276092025936935,5.549558537747709,5.9052125621213225,5.852144830968678,0.373666485010856,0.373666485010856,280.63507744854456
