volume,aspiration_rate,dispense_rate,delay_aspirate,delay_dispense,%error,abs-err,oo
1000,8.947689553110724,1.1,0.30562887016166596,0.3742777976733542,2.216828683048401,2.216828683048401,1021.5315104122977
1000,9.51397893106015,1.1,0.0,0.0,2.230099047720594,2.230099047720594,1014.1994033650885
1000,9.215738569608622,1.1,0.2588125177747824,0.0,2.233607521144692,2.233607521144692,1017.8597441583435
1000,8.76924242682228,1.6813399882508868,0.0,0.3906351448708424,2.2507412329757037,2.2507412329757037,709.1892758070512
1000,10.046234047011506,1.1,0.2128710034748737,0.0,2.2508297825694252,2.2508297825694252,1008.8435673739242
