volume,aspiration_rate,dispense_rate,delay_aspirate,delay_dispense,%error,abs-err,oo
1000,17.791566941930355,10.168211608112369,4.288091977437061,1.5839990954840886,9.39217033007326,9.39217033007326,160.42420609101458
1000,5.698474353129583,25.630184538869774,4.281304380713222,3.574064369668018,9.39217033007326,9.39217033007326,222.35743153360312
1000,23.553506605626218,1.1093893588496375,5.973944885117202,0.10778432742213664,9.39217033007326,9.39217033007326,949.935036183516
1000,25.38201466008198,26.18394831656684,0.10520326732142385,5.277652764200788,9.39217033007326,9.39217033007326,82.97216908126785
1000,14.999159019013375,10.162989447092231,5.308874378137085,4.88402560664824,9.39217033007326,9.39217033007326,175.2595495967507
