volume,aspiration_rate,dispense_rate,delay_aspirate,delay_dispense,%error,abs-err,oo
1000,10.174167003101603,1.1,0.0,0.0,2.344024552149421,2.344024552149421,1007.3790539282356
1000,11.2445426289389,1.1,0.0,0.0,2.401181160443829,2.401181160443829,998.0229388763095
1000,8.554529613824199,1.1,0.0,0.0,2.428405553210859,2.428405553210859,1025.9880437251722
1000,9.808813882965083,2.4721893643204695,0.0,0.0,2.4524288490801753,2.4524288490801753,506.4488839113881
1000,9.993670069745454,1.1,0.0,0.9654367095533527,2.481471764448599,2.481471764448599,1010.1196851964037
