volume,aspiration_rate,dispense_rate,delay_aspirate,delay_dispense,%error,abs-err,oo
1000,11.697311165105914,1.1,0.0,0.0,9.813797314065937,9.813797314065937,994.580641379393
1000,15.384751041134944,26.4,1.854029686384202,6.0,9.813797314065937,9.813797314065937,110.73224442143074
1000,13.107563283832178,1.1,0.0,0.0,9.813797314065937,9.813797314065937,985.3827398718042
1000,9.376054980805172,26.4,0.0,6.0,9.813797314065937,9.813797314065937,150.53345255889246
1000,5.411782843622647,26.4,0.0,6.0,9.813797314065937,9.813797314065937,228.66077727040212
