volume,aspiration_rate,dispense_rate,delay_aspirate,delay_dispense,%error,abs-err,oo
1000,11.431602315001456,1.1,0.0,0.0,3.080973018384789,3.080973018384789,996.5677100191324
1000,11.353219268406788,1.1,0.2678279980072112,0.0,3.094267248195081,3.094267248195081,997.4394810927561
1000,10.842000987973599,1.1,0.0,0.0,3.096634098065568,3.096634098065568,1001.3248058696716
1000,12.272746434548488,1.1,0.0,0.0,3.1335894139776346,3.1335894139776346,990.5722633528159
1000,11.199390235505614,2.5221027950078874,0.0,0.0,3.2092676113734235,3.2092676113734235,485.78512049616756
