volume,aspiration_rate,dispense_rate,delay_aspirate,delay_dispense,%error,abs-err,oo
1000,5.619238430352362,1.1,0.6894225604938624,0.9222577160150293,1.1539851465955389,1.1539851465955389,1088.6626479046197
1000,5.566514839490317,1.1,0.7000168703299495,0.9316405816493323,1.1543649311569637,1.1543649311569637,1090.3681848219842
1000,5.456836861855666,1.1,0.7356423658311249,1.0176248448142935,1.1569178618007414,1.1569178618007414,1094.1005252296654
1000,6.004113251454623,1.1,0.3591251521557013,0.6568013554095575,1.1712632084568164,1.1712632084568164,1076.6593235545813
1000,6.1754548437782315,1.1,0.6465868366917223,1.3140679035336098,1.189289131791479,1.189289131791479,1072.982955979115
