volume,aspiration_rate,dispense_rate,delay_aspirate,delay_dispense,%error,abs-err,oo
1000,10.90105867124618,1.1,0.0,0.0,2.6200544126744973,2.6200544126744973,1000.825118598258
1000,10.482484241006812,1.1,0.0,0.0,2.6272284385383817,2.6272284385383817,1004.4881428962376
1000,10.843061801975203,1.6951329230488257,0.0,0.0,2.649934279691079,2.649934279691079,682.1491124359028
1000,11.844230405314988,1.1,0.0,0.0,2.6703758982626877,2.6703758982626877,993.5202021542439
1000,9.52812932604241,1.1,0.0,0.0,2.7037225336097217,2.7037225336097217,1014.0433048635804
