volume,aspiration_rate,dispense_rate,delay_aspirate,delay_dispense,%error,abs-err,oo
1000,11.735595651958842,1.1,0.0,0.0,5.497591522055263,5.497591522055263,994.3017522093054
1000,11.487266577229356,1.1,0.0,0.0,5.500628138060488,5.500628138060488,996.1438205278431
1000,11.37484032125282,1.5165970679039016,0.037490541693185324,0.23513996306845852,5.574141767508283,5.574141767508283,747.5568699236214
1000,11.359546731787011,1.1,0.0,0.6651571702015455,5.908618360096632,5.908618360096632,997.7877477719348
1000,14.022281899094462,1.1,0.0,0.0,5.928018789791347,5.928018789791347,980.4059780073725
