volume,aspiration_rate,dispense_rate,delay_aspirate,delay_dispense,%error,abs-err,oo
1000,12.07169911826152,1.1904333633313462,4.658307404816352,0.2110247911980732,1.3737033955222095,1.3737033955222095,927.7379322156293
1000,4.442472714794093,7.768454558599384,0.30869821657801266,1.8578763538887646,-1.8786842594081348,1.8786842594081348,355.9921697432736
1000,15.715943344963403,2.1373584930522913,0.721117397830095,4.632438077927331,-1.8853213631662324,1.8853213631662324,536.850438195046
1000,4.903584471109779,4.292747480427797,4.019015568693815,2.960788264684566,1.9406901239626606,1.9406901239626606,443.8632971822076
1000,11.245289797992537,4.5472017922906875,0.03814420488077032,5.933400753799604,-2.0907182481967093,2.0907182481967093,314.8131315945739
