volume,aspiration_rate,dispense_rate,delay_aspirate,delay_dispense,%error,abs-err,oo
1000,4.617066875767233,6.308776016057983,0.2988340814028473,3.421151037855311,-0.638230062350253,0.638230062350253,378.8170600635181
1000,4.4,11.199560825275015,6.0,6.0,-2.302417807248073,2.302417807248073,328.5619427697505
1000,4.903584471109779,4.292747480427797,4.019015568693815,2.960788264684566,2.765632715475263,2.765632715475263,443.8632971822076
1000,14.263520062556012,1.1,0.03991843808840628,0.0,-2.799959845622002,2.799959845622002,979.2397484415258
1000,4.4,8.784617369281648,0.0,2.5381832461350617,-2.946676575903966,2.946676575903966,343.64626133298367
