volume,aspiration_rate,dispense_rate,delay_aspirate,delay_dispense,%error,abs-err,oo
1000,15.007049041092342,1.62578841500161,5.952196936397554,3.3296993429206596,-0.7744835720680645,0.7744835720680645,691.0034374034127
1000,15.715943344963403,2.1373584930522913,0.721117397830095,4.632438077927331,-1.614782864356623,1.614782864356623,536.850438195046
1000,8.404808031906681,6.843691004340187,2.7457443247818007,5.8274097658136546,-1.826482753400916,1.826482753400916,273.6726521465789
1000,4.4,8.477230327420116,0.19016971516951037,0.06962906379447445,-2.3015955620966917,2.3015955620966917,345.4955825426113
1000,12.00455919271113,4.333721988921862,2.0101337017920597,0.05451162524994803,-2.6120499728839794,2.6120499728839794,316.1148646149239
