volume,aspiration_rate,dispense_rate,delay_aspirate,delay_dispense,%error,abs-err,oo
1000,4.4,7.654455587749572,2.620686813663111,3.9539720808316416,-0.7086635918312401,0.7086635918312401,364.4902501222276
1000,15.715943344963403,2.1373584930522913,0.721117397830095,4.632438077927331,-1.843314167603113,1.843314167603113,536.850438195046
1000,4.903584471109779,4.292747480427797,4.019015568693815,2.960788264684566,2.616347660255649,2.616347660255649,443.8632971822076
1000,4.4,10.648706210188319,0.515895804089391,0.0,-4.738006427063157,4.738006427063157,321.69674489571275
1000,4.734904770531552,1.1739927861042383,3.9587195139831843,0.5288617099943383,5.843631449449411,5.843631449449411,1067.4790610261443
