volume,aspiration_rate,dispense_rate,delay_aspirate,delay_dispense,%error,abs-err,oo
1000,4.5833482909438095,7.81354438377614,3.024458445512587,4.059805934180248,-1.6470641795182908,1.6470641795182908,353.24826163547766
1000,4.903584471109779,4.292747480427797,4.019015568693815,2.960788264684566,2.115847821140918,2.115847821140918,443.8632971822076
1000,15.715943344963403,2.1373584930522913,0.721117397830095,4.632438077927331,-2.4456367808647927,2.4456367808647927,536.850438195046
1000,4.4,10.949561160165606,5.148314297671898,0.3373601596107082,-4.787307425724019,4.787307425724019,324.08626276228483
1000,4.4,1.1,1.7228157874542651,4.2255064884080555,5.823685856123893,5.823685856123893,1142.3119586394985
