volume,aspiration_rate,dispense_rate,delay_aspirate,delay_dispense,%error,abs-err,oo
1000,4.4,8.56504741913988,6.0,4.7269435794737,-0.2573890813642157,0.2573890813642157,354.75325680028925
1000,4.935008179721465,7.2217724150476865,0.06673171896857434,1.4223006909004345,-1.7726849450415394,1.7726849450415394,342.59310425410206
1000,14.112822974586347,3.9526366369452437,5.937400452608024,0.23153815505725356,-2.5758240492956697,2.5758240492956697,330.02216596666796
1000,4.903584471109779,4.292747480427797,4.019015568693815,2.960788264684566,2.637234769508489,2.637234769508489,443.8632971822076
1000,15.715943344963403,2.1373584930522913,0.721117397830095,4.632438077927331,-4.276119171584018,4.276119171584018,536.850438195046
