volume,aspiration_rate,dispense_rate,delay_aspirate,delay_dispense,%error,abs-err,oo
1000,4.691111253627386,6.554499587623976,5.35422087440175,1.1969267815034605,0.21738764278388079,0.21738764278388079,372.2872036868322
1000,4.903584471109779,4.292747480427797,4.019015568693815,2.960788264684566,2.259031303112116,2.259031303112116,443.8632971822076
1000,4.4,8.44588970445268,0.0,6.0,-2.4712093622984583,2.4712093622984583,351.67351570272524
1000,15.715943344963403,2.1373584930522913,0.721117397830095,4.632438077927331,-2.844795171883474,2.844795171883474,536.850438195046
1000,11.455945695274977,5.1097022989285,0.07106909424323307,4.79163190195294,-3.3696112367730278,3.3696112367730278,287.85973536622026
