volume,aspiration_rate,dispense_rate,delay_aspirate,delay_dispense,%error,abs-err,oo
1000,4.493438027606176,7.217690938837791,0.2184261611405332,0.2811856956187729,0.36733282400569944,0.36733282400569944,361.59482026228113
1000,4.4,8.374832583515504,6.0,6.0,1.154440192209246,1.154440192209246,358.6780992640835
1000,4.638905476275581,9.431158385947708,0.3687879293663715,0.24097179592669465,-1.1909858084889011,1.1909858084889011,322.20936493045224
1000,5.624990161706629,12.987793142943648,5.409087618003573,0.14284778293413442,-1.2417446622095891,1.2417446622095891,260.3253988512502
1000,4.903584471109779,4.292747480427797,4.019015568693815,2.960788264684566,3.4841224336605716,3.4841224336605716,443.8632971822076
