volume,aspiration_rate,dispense_rate,delay_aspirate,delay_dispense,%error,abs-err,oo
1000,44.47891735482588,27.1848538454861,4.288091977437061,1.5839990954840886,-2.6067568695741965,2.6067568695741965,65.13984217927623
1000,26.147118825311743,31.64244397550335,0.23345380713466146,0.49815974477524666,-6.953413284732386,6.953413284732386,70.57986658740604
1000,11.0,5.5,2.409445607079732,0.0,-6.9534132847324726,6.9534132847324726,275.1367183343525
1000,14.418635170488512,66.0,0.0,6.0,-6.9534132847324726,6.9534132847324726,90.50620706068837
1000,66.0,5.5,0.9549270556817839,6.0,-6.9534132847324726,6.9534132847324726,203.92462402537876
