volume,aspiration_rate,dispense_rate,delay_aspirate,delay_dispense,%error,abs-err,oo
1000,44.47891735482588,27.1848538454861,4.288091977437061,1.5839990954840886,-12.967020296402215,12.967020296402215,65.13984217927623
1000,13.726017321495458,64.09901946148199,0.008630606054510494,0.6083437006739707,-12.967020296402215,12.967020296402215,89.07218187510809
1000,11.411816543651577,7.448500719927708,5.796534951112092,5.932733980579439,-12.967020296402215,12.967020296402215,233.61294305541335
1000,65.5881395211598,65.17984302892077,5.782871938441703,5.862588771481668,-12.967020296402215,12.967020296402215,42.234286180293275
1000,60.695508786404886,6.7328082075770075,0.038836998284858884,0.24745863914097505,-12.967020296402215,12.967020296402215,165.28841416812438
