volume,aspiration_rate,dispense_rate,delay_aspirate,delay_dispense,%error,abs-err,oo
1000,44.47891735482588,27.1848538454861,4.288091977437061,1.5839990954840886,-1.3362495931516833,1.3362495931516833,65.13984217927623
1000,19.44621560983726,38.96849368272126,3.1144232422816494,0.0,-3.8489134894013923,3.8489134894013923,80.20006714695445
1000,24.912112529219968,5.5,0.0,6.0,-3.8489134894013923,3.8489134894013923,227.95929786472655
1000,66.0,66.0,6.0,3.1320321856289834,-3.8489134894013923,3.8489134894013923,39.43506248865929
1000,11.0,5.5,3.952970334478285,3.400708884389597,-3.8489134894013923,3.8489134894013923,280.0809519461406
