volume,aspiration_rate,dispense_rate,delay_aspirate,delay_dispense,%error,abs-err,oo
1000,44.47891735482588,27.1848538454861,4.288091977437061,1.5839990954840886,-1.2158767143604403,1.2158767143604403,65.13984217927623
1000,53.99905683760041,39.743882394820545,0.49539287145471955,5.99268728340885,-4.404981550158145,4.404981550158145,50.16802717214894
1000,66.0,5.5,1.526432319516998,0.0,-4.404981550158145,4.404981550158145,198.49612928921397
1000,44.752040270523196,8.389489401427292,5.801446825174043,4.2517240226404684,-4.404981550158145,4.404981550158145,151.5952861785419
1000,11.0,5.5,3.105089328138691,0.0,-4.404981550158145,4.404981550158145,275.83236205541147
