volume,aspiration_rate,dispense_rate,delay_aspirate,delay_dispense,%error,abs-err,oo
1000,13.826360376110168,18.579386832179605,4.314901860928639,2.9467136005955843,-12.09610950148925,12.09610950148925,133.41031868464742
1000,26.4,1.1,3.5948041044133503,6.0,-12.598443223523814,12.598443223523814,956.5645010741102
1000,26.4,26.4,0.7291474626599911,0.6363964493699646,-12.598443223523814,12.598443223523814,77.12311966960573
1000,26.4,4.743852299341809,5.186093910485965,3.0864396880471627,-12.598443223523814,12.598443223523814,256.9504646417796
1000,4.4,24.363183067506878,5.568431858163815,5.411928339005996,-12.598443223523814,12.598443223523814,279.29862725955195
