volume,aspiration_rate,dispense_rate,delay_aspirate,delay_dispense,%error,abs-err,oo
1000,13.826360376110168,18.579386832179605,4.314901860928639,2.9467136005955843,-9.203296703699635,9.203296703699635,133.41031868464742
1000,4.4,24.31975457857031,3.457317597116041,1.1119656441443815,-9.203296703699635,9.203296703699635,272.9608465108429
1000,4.4,1.1,6.0,6.0,-9.203296703699635,9.203296703699635,1148.3636363636363
1000,4.4,1.1,0.0,3.059580221892012,-9.203296703699635,9.203296703699635,1139.4232165855283
1000,26.4,1.1,0.0,0.0,-9.203296703699635,9.203296703699635,946.9696969696969
