volume,aspiration_rate,dispense_rate,delay_aspirate,delay_dispense,%error,abs-err,oo
1000,13.826360376110168,18.579386832179605,4.314901860928639,2.9467136005955843,-12.530874351769198,12.530874351769198,133.41031868464742
1000,4.4,22.118697557086577,5.236825451610908,5.023592190241943,-13.118131868266182,13.118131868266182,282.7437635515537
1000,4.4,1.1,0.0,3.0561821196208756,-13.118131868266182,13.118131868266182,1139.4198184832571
1000,4.4,1.1,0.0,2.651576951409376,-13.118131868266182,13.118131868266182,1139.0152133150457
1000,26.029042009413907,1.2063712604007824,5.769299536030696,5.120224756336024,-13.118131868266182,13.118131868266182,878.2403633101276
