volume,aspiration_rate,dispense_rate,delay_aspirate,delay_dispense,%error,abs-err,oo
1000,13.826360376110168,18.579386832179605,4.314901860928639,2.9467136005955843,-12.882572372316785,12.882572372316785,133.41031868464742
1000,6.357291996599044,1.1,4.748386656539891,2.5481462262788277,-13.369963370124546,13.369963370124546,1073.6871224878473
1000,26.4,26.4,0.729145572236055,0.6363960170089641,-13.369963370124546,13.369963370124546,77.12311734682078
1000,26.4,4.550141256521747,2.5862324165135586,5.7309129216469845,-13.369963370124546,13.369963370124546,265.96933004648497
1000,26.4,2.098745815506198,5.677278213274992,5.327520053630817,-13.369963370124546,13.369963370124546,525.3586278642684
