volume,aspiration_rate,dispense_rate,delay_aspirate,delay_dispense,%error,abs-err,oo
1000,13.826360376110168,18.579386832179605,4.314901860928639,2.9467136005955843,-13.301282018570596,13.301282018570596,133.41031868464742
1000,4.4,24.371177720572042,3.457312451265347,1.1119687380172063,-13.610347985549453,13.610347985549453,272.8740837874417
1000,4.4,1.1,2.942282646454468,6.0,-13.610347985549453,13.610347985549453,1145.3059190100907
1000,22.290581647907487,1.1235299806194154,5.963501254933297,0.9261610112220833,-13.610347985549453,13.610347985549453,941.803564329713
1000,6.543514825234322,1.156152789361578,3.3297551904388527,5.847088231375371,-13.610347985549453,13.610347985549453,1026.9374934101904
