volume,aspiration_rate,dispense_rate,delay_aspirate,delay_dispense,%error,abs-err,oo
1000,13.826360376110168,18.579386832179605,4.314901860928639,2.9467136005955843,-12.144863485393506,12.144863485393506,133.41031868464742
1000,26.4,26.4,1.0456248806360313,4.599833596706223,-12.683150183239727,12.683150183239727,81.40303423491801
1000,26.4,4.576753440432464,1.163130972187644,5.40431725582315,-12.683150183239727,12.683150183239727,262.9417292582734
1000,26.4,2.081820230133542,1.6322511261442947,4.931001287997461,-12.683150183239727,12.683150183239727,524.7909126525057
1000,4.4,24.16282189844402,1.753227982742895,5.704850093543842,-12.683150183239727,12.683150183239727,276.11669993545695
