volume,aspiration_rate,dispense_rate,delay_aspirate,delay_dispense,%error,abs-err,oo
1000,26.4,26.4,3.939107791294721,4.46306371775115,-10.466269841538464,10.466269841538464,84.15974726662164
1000,4.4,2.152366257776304,1.6093755243225627,3.8876307513988317,-10.466269841538464,10.466269841538464,697.3746753826234
1000,4.4,1.1,0.0,6.0,-10.466269841538464,10.466269841538464,1142.3636363636363
1000,4.4,26.4,0.0,0.8205739194272546,-10.466269841538464,10.466269841538464,265.9720890709424
1000,17.936128233703656,1.1,0.0,6.0,-10.466269841538464,10.466269841538464,970.8443017389893
