volume,aspiration_rate,dispense_rate,delay_aspirate,delay_dispense,%error,abs-err,oo
1000,13.826360376110168,18.579386832179605,4.314901860928639,2.9467136005955843,-12.275128017933357,12.275128017933357,133.41031868464742
1000,6.180441504146152,1.1,4.750801023090847,2.5462818266079155,-12.895735217278915,12.895735217278915,1078.188730500976
1000,26.4,4.5102736634689276,1.1631282430194911,5.404319419720765,-12.895735217278915,12.895735217278915,266.1622719983677
1000,26.290078362895642,1.1,0.0,6.0,-12.895735217278915,12.895735217278915,953.1280722441138
1000,26.4,1.1,6.0,0.0,-12.895735217278915,12.895735217278915,952.9696969696969
