volume,aspiration_rate,dispense_rate,delay_aspirate,delay_dispense,%error,abs-err,oo
1000,65.92181486102785,65.7424192364835,4.385205108509992,4.3869646726508735,0.12692419341158145,0.12692419341158145,39.152534299390304
1000,12.548551185094762,14.480364962157346,0.3110238782200564,5.659141107345803,0.4221645664709508,0.4221645664709508,154.71967250431038
1000,11.182938937291958,29.257699908028275,0.4819228147776268,5.937128001660952,0.4382175552488674,0.4382175552488674,130.0200190876056
1000,35.2141447935242,10.565452316096852,4.273981088332576,2.5671809450269176,0.5746172223025141,0.5746172223025141,129.88694279473322
1000,11.0,5.5,0.0,6.0,0.6789724300303208,0.6789724300303208,278.72727272727275
