volume,aspiration_rate,dispense_rate,delay_aspirate,delay_dispense,%error,abs-err,oo
1000,11.415641551264171,6.037062277683936,5.896444451648498,0.3586137410961615,-0.41201510524180307,0.41201510524180307,259.49764392080726
1000,35.2141447935242,10.565452316096852,4.273981088332576,2.5671809450269176,0.4459264753414185,0.4459264753414185,129.88694279473322
1000,14.39607670862862,40.17392608111224,0.022957533213789245,5.890431742354077,0.628357086800126,0.628357086800126,100.2685258836201
1000,34.56590094027542,47.29853372912514,4.314901860928639,2.9467136005955843,-0.6392224222626435,0.6392224222626435,57.334165404783946
1000,64.84080607607393,5.5,0.0,6.0,-0.7166761461744577,0.7166761461744577,203.24056874574035
