volume,aspiration_rate,dispense_rate,delay_aspirate,delay_dispense,%error,abs-err,oo
1000,34.56590094027542,47.29853372912514,4.314901860928639,2.9467136005955843,-0.005921622138064464,0.005921622138064464,57.334165404783946
1000,13.825587151187268,6.5404466814674285,5.938987779591116,0.07250842600080845,-0.24954491042575933,0.24954491042575933,231.23591098495143
1000,35.2141447935242,10.565452316096852,4.273981088332576,2.5671809450269176,0.28981640351851423,0.28981640351851423,129.88694279473322
1000,38.25204832260153,19.58657376415171,2.621163976768905,4.509257962731809,0.9183739048117077,0.9183739048117077,84.32819455424341
1000,11.494293519047396,34.65132280921614,5.880448066363612,0.00633338091542446,-0.9667480746810218,0.9667480746810218,121.74540093531537
