volume,aspiration_rate,dispense_rate,delay_aspirate,delay_dispense,%error,abs-err,oo
1000,34.56590094027542,47.29853372912514,4.314901860928639,2.9467136005955843,-0.025670940517240837,0.025670940517240837,57.334165404783946
1000,28.82829913587476,20.307936255712157,4.168531063111615,3.563414398044143,0.09554412690995151,0.09554412690995151,91.66191553181346
1000,38.25204832260153,19.58657376415171,2.621163976768905,4.509257962731809,-0.310903768005349,0.310903768005349,84.32819455424341
1000,13.161922128020139,6.114182512646024,5.603344118054872,5.246407838268311,-0.3115681720712151,0.3115681720712151,250.3806593255533
1000,14.039008666086037,62.80909036240876,5.8480869225399275,5.809575301081687,0.34835142957644405,0.34835142957644405,98.80902511187786
