volume,aspiration_rate,dispense_rate,delay_aspirate,delay_dispense,%error,abs-err,oo
1000,49.635738730730615,53.40342747583058,1.5503183518143047,3.517849159487353,-0.5837384934315168,0.5837384934315168,43.940331171396515
1000,55.134981613146486,44.66461631189427,5.95674873624498,4.545787890523922,-1.224970256511627,1.224970256511627,51.0289294696514
1000,44.48802129079969,66.0,5.773213579810614,5.503328523818444,-1.473190112701218,1.473190112701218,48.90601808562071
1000,52.27082876217667,47.45089623795213,3.070580251597018,2.7856083344200084,-1.5046736652961545,1.5046736652961545,46.06173573919922
1000,38.064662723578834,50.28793163945468,2.1463735128541312,2.5032596881520264,-1.7370183714546539,1.7370183714546539,50.806205249927686
