volume,aspiration_rate,dispense_rate,delay_aspirate,delay_dispense,%error,abs-err,oo
1000,28.82829913587476,20.307936255712157,4.168531063111615,3.563414398044143,0.10654454823657455,0.10654454823657455,91.66191553181346
1000,11.276092025936935,5.549558537747709,5.9052125621213225,5.852144830968678,-0.14522470377135543,0.14522470377135543,280.63507744854456
1000,34.56590094027542,47.29853372912514,4.314901860928639,2.9467136005955843,0.43413002084019503,0.43413002084019503,57.334165404783946
1000,38.25204832260153,19.58657376415171,2.621163976768905,4.509257962731809,-0.4739446964753652,0.4739446964753652,84.32819455424341
1000,63.441185081830746,7.622809389510715,5.720942213479213,5.957232531564781,-0.5956214307368751,0.5956214307368751,158.62603549770992
