volume,aspiration_rate,dispense_rate,delay_aspirate,delay_dispense,%error,abs-err,oo
1000,11.784781974190684,6.737705337189972,1.482069048117963,5.776196994140868,0.01551499728126271,0.01551499728126271,240.53194563078347
1000,35.2141447935242,10.565452316096852,4.273981088332576,2.5671809450269176,-0.04645016719519757,0.04645016719519757,129.88694279473322
1000,38.25204832260153,19.58657376415171,2.621163976768905,4.509257962731809,0.18833335559874698,0.18833335559874698,84.32819455424341
1000,34.56590094027542,47.29853372912514,4.314901860928639,2.9467136005955843,0.2694755498962089,0.2694755498962089,57.334165404783946
1000,13.031510971016376,6.153512990096899,5.940812152930318,0.13774055688551481,-0.3807189499981428,0.3807189499981428,245.32442312506774
