volume,aspiration_rate,dispense_rate,delay_aspirate,delay_dispense,%error,abs-err,oo
1000,52.27082876217667,47.45089623795213,3.070580251597018,2.7856083344200084,-0.46995031710681867,0.46995031710681867,46.06173573919922
1000,38.064662723578834,50.28793163945468,2.1463735128541312,2.5032596881520264,-1.7144715296735225,1.7144715296735225,50.806205249927686
1000,34.56590094027542,47.29853372912514,4.314901860928639,2.9467136005955843,-1.7285237709573342,1.7285237709573342,57.334165404783946
1000,55.87704749922841,32.27833519486775,0.31511439817423825,1.2610567042918106,-1.730477572189788,1.730477572189788,50.45313913420455
1000,33.60084049899605,40.57150496986792,0.8397045757823074,2.4061053399672216,-1.7306352450299238,1.7306352450299238,57.65481111723914
